-- --------------------------------------------------------
-- 主机:                           121.42.144.230
-- 服务器版本:                        5.6.21 - MySQL Community Server (GPL)
-- 服务器操作系统:                      Win32
-- HeidiSQL 版本:                  9.2.0.4958
-- --------------------------------------------------------

/*!40101 SET @OLD_CHARACTER_SET_CLIENT=@@CHARACTER_SET_CLIENT */;
/*!40101 SET NAMES utf8mb4 */;
/*!40014 SET @OLD_FOREIGN_KEY_CHECKS=@@FOREIGN_KEY_CHECKS, FOREIGN_KEY_CHECKS=0 */;
/*!40101 SET @OLD_SQL_MODE=@@SQL_MODE, SQL_MODE='NO_AUTO_VALUE_ON_ZERO' */;

-- 导出 daohang 的数据库结构
CREATE DATABASE IF NOT EXISTS `daohang` /*!40100 DEFAULT CHARACTER SET utf8 COLLATE utf8_unicode_ci */;
USE `daohang`;


-- 导出  表 daohang.advice 结构
CREATE TABLE IF NOT EXISTS `advice` (
  `adviceId` int(11) NOT NULL AUTO_INCREMENT COMMENT '建议唯一标识',
  `userId` int(11) NOT NULL COMMENT '用户Id',
  `content` text COLLATE utf8_unicode_ci NOT NULL COMMENT '建议内容',
  `lastTime` timestamp NOT NULL DEFAULT CURRENT_TIMESTAMP COMMENT '创建时间',
  PRIMARY KEY (`adviceId`)
) ENGINE=InnoDB DEFAULT CHARSET=utf8 COLLATE=utf8_unicode_ci COMMENT='用户建议';

-- 正在导出表  daohang.advice 的数据：~0 rows (大约)
DELETE FROM `advice`;
/*!40000 ALTER TABLE `advice` DISABLE KEYS */;
/*!40000 ALTER TABLE `advice` ENABLE KEYS */;


-- 导出  表 daohang.articles 结构
CREATE TABLE IF NOT EXISTS `articles` (
  `articlesId` int(11) NOT NULL AUTO_INCREMENT COMMENT '文章唯一标识',
  `userId` int(11) NOT NULL COMMENT '用户唯一标识',
  `partId` int(20) NOT NULL COMMENT '模块唯一标识',
  `mail` varchar(40) COLLATE utf8_unicode_ci NOT NULL COMMENT '用户名',
  `nickName` varchar(40) COLLATE utf8_unicode_ci NOT NULL COMMENT '昵称',
  `title` varchar(200) COLLATE utf8_unicode_ci NOT NULL COMMENT '标题',
  `content` text COLLATE utf8_unicode_ci NOT NULL COMMENT '内容',
  `lastTime` timestamp NOT NULL DEFAULT CURRENT_TIMESTAMP COMMENT '最后更新时间',
  `readNum` int(20) NOT NULL COMMENT '阅读次数',
  PRIMARY KEY (`articlesId`)
) ENGINE=InnoDB DEFAULT CHARSET=utf8 COLLATE=utf8_unicode_ci;

-- 正在导出表  daohang.articles 的数据：~0 rows (大约)
DELETE FROM `articles`;
/*!40000 ALTER TABLE `articles` DISABLE KEYS */;
/*!40000 ALTER TABLE `articles` ENABLE KEYS */;


-- 导出  表 daohang.checkins 结构
CREATE TABLE IF NOT EXISTS `checkins` (
  `checkinsId` int(100) NOT NULL AUTO_INCREMENT COMMENT '签到唯一标识',
  `userId` int(11) NOT NULL COMMENT '用户唯一标识',
  `address` varchar(100) COLLATE utf8_unicode_ci NOT NULL COMMENT '地址',
  `lastTime` timestamp NOT NULL DEFAULT CURRENT_TIMESTAMP COMMENT '签到时间',
  PRIMARY KEY (`checkinsId`)
) ENGINE=InnoDB DEFAULT CHARSET=utf8 COLLATE=utf8_unicode_ci COMMENT='记录用户签到信息';

-- 正在导出表  daohang.checkins 的数据：~0 rows (大约)
DELETE FROM `checkins`;
/*!40000 ALTER TABLE `checkins` DISABLE KEYS */;
/*!40000 ALTER TABLE `checkins` ENABLE KEYS */;


-- 导出  表 daohang.ci_sessions 结构
CREATE TABLE IF NOT EXISTS `ci_sessions` (
  `id` varchar(40) COLLATE utf8_unicode_ci NOT NULL,
  `ip_address` varchar(45) COLLATE utf8_unicode_ci NOT NULL,
  `timestamp` int(10) unsigned NOT NULL DEFAULT '0',
  `data` blob NOT NULL,
  KEY `ci_sessions_timestamp` (`timestamp`)
) ENGINE=InnoDB DEFAULT CHARSET=utf8 COLLATE=utf8_unicode_ci;

-- 正在导出表  daohang.ci_sessions 的数据：~550 rows (大约)
DELETE FROM `ci_sessions`;
/*!40000 ALTER TABLE `ci_sessions` DISABLE KEYS */;
INSERT INTO `ci_sessions` (`id`, `ip_address`, `timestamp`, `data`) VALUES
	('bc95c5aca1d1d2b1e14ebe2b3f1d4025be49e313', '127.0.0.1', 1448636320, _binary 0x5F5F63695F6C6173745F726567656E65726174657C693A313434383633363230383B66726565736974655F6D61696C7C733A31363A223839313539393339364071712E636F6D223B),
	('1c2fb1d53841da09c9efb75336c8e4e489f5ba5f', '127.0.0.1', 1448638225, _binary 0x5F5F63695F6C6173745F726567656E65726174657C693A313434383633383232353B),
	('34cc3b506988d13670217f8c413b394b49827f7c', '127.0.0.1', 1448686902, _binary 0x5F5F63695F6C6173745F726567656E65726174657C693A313434383638353531373B66726565736974655F6D61696C7C733A31363A223839313539393339364071712E636F6D223B),
	('02fa3e62889e0cf685d72d3e663ebb34ce505c13', '127.0.0.1', 1448690244, _binary 0x5F5F63695F6C6173745F726567656E65726174657C693A313434383638363930393B66726565736974655F6D61696C7C733A31363A223839313539393339364071712E636F6D223B),
	('a0414c928d0927efed34ab14531df550bca8506d', '::1', 1448695434, _binary 0x5F5F63695F6C6173745F726567656E65726174657C693A313434383639303236333B66726565736974655F6D61696C7C733A31363A223839313539393339364071712E636F6D223B),
	('ad33228937662b056c9675be0342bf6cf4e71aad', '127.0.0.1', 1448713375, _binary 0x5F5F63695F6C6173745F726567656E65726174657C693A313434383639303234353B66726565736974655F6D61696C7C733A31363A223839313539393339364071712E636F6D223B),
	('49f38f34203e3d18151482ddef37971d27180c0b', '127.0.0.1', 1448692165, _binary ''),
	('6a6cd8faaea674cdb84083faa4e14f09de17da83', '::1', 1448700798, _binary ''),
	('d4b666b9b7dfbd06304698b2edc419288d6aed81', '127.0.0.1', 1448707673, _binary 0x5F5F63695F6C6173745F726567656E65726174657C693A313434383730373637333B),
	('8cf6fad49a921398c9dace86869d71059fb91321', '127.0.0.1', 1448707916, _binary 0x5F5F63695F6C6173745F726567656E65726174657C693A313434383730373931363B),
	('07f0b9956aad4189b532a2b395308c96a93713c3', '::1', 1448710669, _binary ''),
	('b5505ff0e5eba3c564922afedc1bad686cd91c9d', '127.0.0.1', 1448713109, _binary 0x5F5F63695F6C6173745F726567656E65726174657C693A313434383731333130393B),
	('15ef05904a3b43b716359c77653574ab02cdac55', '127.0.0.1', 1448713166, _binary 0x5F5F63695F6C6173745F726567656E65726174657C693A313434383731333136363B),
	('b3eb68837120332b59beb812bc1e888d7764915f', '127.0.0.1', 1448713210, _binary 0x5F5F63695F6C6173745F726567656E65726174657C693A313434383731333231303B),
	('b8f3969444787bad95cf3f0a238d2d05fe0168ed', '127.0.0.1', 1448713684, _binary 0x5F5F63695F6C6173745F726567656E65726174657C693A313434383731333338383B66726565736974655F6D61696C7C733A31363A223839313539393339364071712E636F6D223B),
	('35840653c4c0a7cad355d689ed62f9d29426e52e', '127.0.0.1', 1448716551, _binary 0x5F5F63695F6C6173745F726567656E65726174657C693A313434383731333639363B66726565736974655F6D61696C7C733A31363A223839313539393339364071712E636F6D223B),
	('0847977a5ae7c645f33fa01ce47e462917547824', '127.0.0.1', 1448716572, _binary 0x5F5F63695F6C6173745F726567656E65726174657C693A313434383731363537323B),
	('6dab4725dea529c6e1b17138e2e6cc22a8d52dc6', '127.0.0.1', 1448716609, _binary 0x5F5F63695F6C6173745F726567656E65726174657C693A313434383731363630373B66726565736974655F6D61696C7C733A31363A223839313539393339364071712E636F6D223B),
	('919cc10dcf21f21e7743970d062c0148a8982dc7', '127.0.0.1', 1448717463, _binary 0x5F5F63695F6C6173745F726567656E65726174657C693A313434383731373133353B66726565736974655F6D61696C7C733A31363A223839313539393339364071712E636F6D223B),
	('a64a69aa77a353c78f45190d6f55d6ef1b1e1fff', '127.0.0.1', 1448726595, _binary ''),
	('21f24c63feb37208736678045ef1e00d3d20623b', '127.0.0.1', 1448774596, _binary 0x5F5F63695F6C6173745F726567656E65726174657C693A313434383737343334393B),
	('aa1d11f067756fc20388c5b5cdf09155e866e2ea', '127.0.0.1', 1448777534, _binary 0x5F5F63695F6C6173745F726567656E65726174657C693A313434383737353035313B66726565736974655F6D61696C7C733A31363A223839313539393339364071712E636F6D223B),
	('d7a911893b7bf725f2ca877ee339e24373e10a46', '127.0.0.1', 1448785475, _binary 0x5F5F63695F6C6173745F726567656E65726174657C693A313434383737373534343B66726565736974655F6D61696C7C733A31363A223839313539393339364071712E636F6D223B66726565736974655F7573657249647C733A313A2234223B),
	('b3c7e3f056bdef0ae7771715e9a819d30eaeba91', '127.0.0.1', 1448785712, _binary 0x5F5F63695F6C6173745F726567656E65726174657C693A313434383738353438323B66726565736974655F6D61696C7C733A31363A223839313539393339364071712E636F6D223B66726565736974655F7573657249647C733A313A2234223B),
	('317536cf68d95e5ec5e3c1e40c21864b2889506f', '127.0.0.1', 1448786918, _binary 0x5F5F63695F6C6173745F726567656E65726174657C693A313434383738363633343B66726565736974655F6D61696C7C733A31363A223839313539393339364071712E636F6D223B66726565736974655F7573657249647C733A313A2234223B),
	('2ce98d46f2390d8b52c7c59325fb44a165222dc0', '127.0.0.1', 1448806983, _binary 0x5F5F63695F6C6173745F726567656E65726174657C693A313434383738373133353B66726565736974655F6D61696C7C733A31363A223839313539393339364071712E636F6D223B66726565736974655F7573657249647C733A313A2231223B),
	('bf51d6d56d74253b96e0a7364387dbd88a238f36', '59.172.155.194', 1448880360, _binary 0x5F5F63695F6C6173745F726567656E65726174657C693A313434383838303136383B66726565736974655F7573657249647C733A313A2231223B66726565736974655F6D61696C7C733A31363A223839313539393339364071712E636F6D223B),
	('d716cd1cd36f873992b553dbfa27d86ab4881369', '117.136.81.204', 1448880479, _binary ''),
	('d443c0f0f5a284fc6ea17a9ea0bdd9f6ecd6918e', '117.136.81.204', 1448880480, _binary ''),
	('f4020f06dda99f412747ed56e8653c2ac6fd9a9d', '59.172.155.194', 1448894262, _binary 0x5F5F63695F6C6173745F726567656E65726174657C693A313434383839333935353B66726565736974655F7573657249647C733A313A2231223B66726565736974655F6D61696C7C733A31363A223839313539393339364071712E636F6D223B),
	('3fdafc16256b121d7dcd7895ef36a5ea8a080c59', '220.181.165.196', 1448909385, _binary ''),
	('28e6e6ae194b2aff6c5349745a7738a786ddfac5', '220.181.165.197', 1448909385, _binary ''),
	('9b9585419eee9d33f9b80b8db06499ff3f691d68', '61.183.112.245', 1448955027, _binary 0x5F5F63695F6C6173745F726567656E65726174657C693A313434383934393334333B),
	('cefea41c2b77a4e4cc6749c71e1d02b6877c1ef8', '61.183.112.245', 1448955105, _binary 0x5F5F63695F6C6173745F726567656E65726174657C693A313434383935353033333B66726565736974655F7573657249647C733A313A2231223B66726565736974655F6D61696C7C733A31363A223839313539393339364071712E636F6D223B),
	('16126b12fb37633f4a6a194489d7c337a754a6b5', '61.183.112.245', 1448980290, _binary ''),
	('43a8a0f5809c455888019e9d13d86684ec5916ed', '61.183.112.245', 1448980290, _binary ''),
	('f38426548017bfd5b0443b553eef4b74b7882855', '220.181.165.4', 1448996496, _binary ''),
	('5005fd259fa10dba49935f05787d52e688b8c38e', '220.181.165.4', 1448996496, _binary ''),
	('6c038eee8e4ca8ad63470057c05a8b8c0e1162dc', '59.172.155.199', 1449036163, _binary 0x5F5F63695F6C6173745F726567656E65726174657C693A313434393033353939393B66726565736974655F7573657249647C733A313A2231223B66726565736974655F6D61696C7C733A31363A223839313539393339364071712E636F6D223B),
	('d7c938cb2cf058384f3f32d0a13b253ae48b41e3', '59.172.155.199', 1449035722, _binary ''),
	('d039097ac2541176ae7e753f9c4952a80a38fd6e', '111.13.93.205', 1449046711, _binary 0x5F5F63695F6C6173745F726567656E65726174657C693A313434393034363731313B),
	('56dd0a8d068fad2e898d44aed667ca8720e2a547', '59.172.155.199', 1449058648, _binary 0x5F5F63695F6C6173745F726567656E65726174657C693A313434393035383536363B66726565736974655F7573657249647C733A313A2231223B66726565736974655F6D61696C7C733A31363A223839313539393339364071712E636F6D223B),
	('0df0e227595af69a8f6781db6f6383e370326950', '59.172.155.199', 1449058170, _binary ''),
	('363239a0404f5bce3098ecb21caf42a42f41aa6a', '59.172.155.199', 1449061927, _binary ''),
	('82c23ad50339f1e96aa1fcb16ffdc73b0e670d0e', '59.172.155.199', 1449062595, _binary 0x5F5F63695F6C6173745F726567656E65726174657C693A313434393036323537393B66726565736974655F7573657249647C733A313A2231223B66726565736974655F6D61696C7C733A31363A223839313539393339364071712E636F6D223B),
	('1af6ec19febdb28422a48ed804fd3c284eb2a884', '220.181.165.200', 1449082413, _binary ''),
	('55b564c29f9fba25c59454c50ecb991276b53a1d', '220.181.165.193', 1449082413, _binary ''),
	('a90f9ce214dacd0b2aee85fe546341c442f568fd', '61.183.112.247', 1449113978, _binary ''),
	('8804232e1b253b89758a957375c0c6eeac1c6cc8', '61.183.112.247', 1449113978, _binary ''),
	('63d0ea1855070aba10ebe7cac61ab420895e8c83', '61.183.112.247', 1449125566, _binary ''),
	('79a4316bc3a06daf2cac5344f418855015bda2d8', '61.183.112.247', 1449130313, _binary 0x5F5F63695F6C6173745F726567656E65726174657C693A313434393133303239373B66726565736974655F7573657249647C733A313A2231223B66726565736974655F6D61696C7C733A31363A223839313539393339364071712E636F6D223B),
	('50a8734fa8508edb9c949107e34d2ccdf401e669', '61.183.112.247', 1449153093, _binary ''),
	('acbefecc18c4d3fdcebe5063a4b49be20e7d45b5', '61.183.112.247', 1449153093, _binary ''),
	('3c9d212854356b7bf334dc0d3a540e00399b480f', '220.181.165.194', 1449168984, _binary ''),
	('8b6abf09b9518e700f8b94157bee1eaf72e8b2a1', '220.181.165.193', 1449168984, _binary ''),
	('5104724de609fe0441db38e0e83405b2923f8273', '61.183.112.244', 1449196742, _binary 0x5F5F63695F6C6173745F726567656E65726174657C693A313434393139363639343B66726565736974655F7573657249647C733A313A2231223B66726565736974655F6D61696C7C733A31363A223839313539393339364071712E636F6D223B),
	('567c8272eabd317cbe20fdb468aad6e4a5e07081', '61.183.112.244', 1449196676, _binary ''),
	('8f908df92e9c79266db24cfd4ed212a3b1242714', '59.172.155.212', 1449238896, _binary 0x5F5F63695F6C6173745F726567656E65726174657C693A313434393233383732323B),
	('d7055d499766b2b3f4166fa38dced2329d8eb7cb', '220.181.165.9', 1449256055, _binary ''),
	('0ed9a9f757d28f2c200d0ca95790b97bebd59836', '220.181.165.8', 1449256055, _binary ''),
	('09eb89032f2ab12532fd3513bb994ef667a1eeb7', '59.172.155.200', 1449303179, _binary 0x5F5F63695F6C6173745F726567656E65726174657C693A313434393330333135353B66726565736974655F7573657249647C733A313A2231223B66726565736974655F6D61696C7C733A31363A223839313539393339364071712E636F6D223B),
	('90b2fea14b743356e4e9616058cebb0be4e0b3eb', '59.172.155.200', 1449303141, _binary ''),
	('02803e71c85f87851217221b3f6caa9ff8bf3c1d', '59.172.155.200', 1449388427, _binary ''),
	('42403883342a855cf1d1b6786cb2039f48ba1c32', '59.172.155.200', 1449388445, _binary ''),
	('5ad427358de5af82e592f292fa6096180f9f5387', '59.172.155.200', 1449408828, _binary ''),
	('5a33d0f50ce3a680b929a47c75fd5f7a908ce889', '59.172.155.200', 1449408828, _binary ''),
	('1430407410b8317741b943db28ac82b8baa8bbd0', '59.172.155.207', 1449452394, _binary 0x5F5F63695F6C6173745F726567656E65726174657C693A313434393435323334383B66726565736974655F7573657249647C733A313A2231223B66726565736974655F6D61696C7C733A31363A223839313539393339364071712E636F6D223B),
	('022256e0b744d7a30470f77b609acf344e2833ba', '59.172.155.207', 1449452342, _binary ''),
	('62813bbd5acfa32c4c32eb14f288326e6e760ac0', '111.13.93.226', 1449463491, _binary 0x5F5F63695F6C6173745F726567656E65726174657C693A313434393436333439313B),
	('f0e6a2ed4f9b0c9a7aea4ad8334000e22f9c1fb3', '180.153.214.199', 1449463521, _binary 0x5F5F63695F6C6173745F726567656E65726174657C693A313434393436333532313B),
	('06313007d1a1fd127c807effb633b27bfcb9cbc2', '101.227.131.246', 1449463521, _binary 0x5F5F63695F6C6173745F726567656E65726174657C693A313434393436333532313B),
	('ed12a6719577856667c6e6f0b53745c5b90855a3', '183.60.35.94', 1449463555, _binary 0x5F5F63695F6C6173745F726567656E65726174657C693A313434393436333535353B),
	('4abeea650a576141f266b582632e12a4151a39be', '220.249.99.163', 1449463631, _binary 0x5F5F63695F6C6173745F726567656E65726174657C693A313434393436333535353B66726565736974655F7573657249647C733A313A2231223B66726565736974655F6D61696C7C733A31363A223839313539393339364071712E636F6D223B),
	('8ecefbf9909d6c325a36ecf8f124fe66d2156b83', '220.181.165.9', 1449515065, _binary ''),
	('cbe197c3a30a37d0e375a3773fea18d24ce88e0f', '220.181.165.6', 1449515065, _binary ''),
	('103843128f89e966734e87acc1a0979ee2aa6dcb', '220.181.165.11', 1449516202, _binary ''),
	('ef569559e91375b3e7db8ef5649b421d4eca5802', '220.181.165.6', 1449516202, _binary ''),
	('9cef2c475080cc5ef28e51e9515c7c5e73b83a0f', '59.172.155.201', 1449577477, _binary ''),
	('a10f8a71d4d48c047feb8fe38fdb6200601932a5', '59.172.155.201', 1449577477, _binary ''),
	('e5517b0b68fd31c811854295ca92f2b618992499', '61.183.112.248', 1449843862, _binary 0x5F5F63695F6C6173745F726567656E65726174657C693A313434393834333637323B6C617A795F757365727C623A303B),
	('1e4bca7e7747b1bbeefb8a397983a65106927bf4', '61.183.112.248', 1449844166, _binary 0x5F5F63695F6C6173745F726567656E65726174657C693A313434393834343132393B6C617A795F757365727C623A303B),
	('664bfeaaf395a8f9ac8e7dd1277f9800a5faa8a3', '61.183.112.248', 1449844522, _binary 0x5F5F63695F6C6173745F726567656E65726174657C693A313434393834343437353B6C617A795F757365727C623A303B),
	('972ef9c5d99716388c2042392790877e7f4cbdd6', '61.183.112.248', 1449845047, _binary 0x5F5F63695F6C6173745F726567656E65726174657C693A313434393834353030373B6C617A795F757365727C693A393B),
	('e47161f68f1b4ee91f23ef64fe51498dfffba8fc', '61.183.112.248', 1449845530, _binary 0x5F5F63695F6C6173745F726567656E65726174657C693A313434393834353435333B6C617A795F757365727C693A31303B),
	('7d56f9e6c164f66a2f48bf75e6386000a64c9a42', '61.183.112.248', 1449847117, _binary 0x5F5F63695F6C6173745F726567656E65726174657C693A313434393834363432323B6C617A795F757365727C693A31313B),
	('6951bf56979e1df5d73fa19e7cf8580ad3bbceb0', '61.183.112.248', 1449847119, _binary 0x5F5F63695F6C6173745F726567656E65726174657C693A313434393834373131393B6C617A795F757365727C693A31313B),
	('41288a197f3f930c77c56be8644ed6e9a980802c', '61.183.112.248', 1449847466, _binary 0x5F5F63695F6C6173745F726567656E65726174657C693A313434393834373433303B6C617A795F757365727C693A31313B),
	('c4f2a7fd9507081fa71db645ffbdf3a7cd3829c2', '61.183.112.248', 1449848077, _binary 0x5F5F63695F6C6173745F726567656E65726174657C693A313434393834373833373B6C617A795F757365727C693A31313B),
	('9e189852216d520ef233a3c3791c1f2f7652f9ab', '61.183.112.248', 1449848511, _binary 0x5F5F63695F6C6173745F726567656E65726174657C693A313434393834383230393B6C617A795F757365727C693A31313B),
	('8bd5e9d6c8e1781b7add42d19d6ad1b18cc7104e', '61.183.112.248', 1449849344, _binary 0x5F5F63695F6C6173745F726567656E65726174657C693A313434393834383638383B6C617A795F757365727C693A31313B),
	('fefa871203b3f1cb18394182a43c4386c27c94aa', '14.17.18.152', 1449848708, _binary 0x5F5F63695F6C6173745F726567656E65726174657C693A313434393834383730383B6C617A795F757365727C693A31323B),
	('68d54afb1a348b00c11d4a08d833eeefee111376', '101.226.64.175', 1449848708, _binary 0x5F5F63695F6C6173745F726567656E65726174657C693A313434393834383730383B6C617A795F757365727C693A31333B),
	('25c1dd31e4efa8424c875fd1bdd8bb027a60dff7', '180.153.81.163', 1449848714, _binary 0x5F5F63695F6C6173745F726567656E65726174657C693A313434393834383731343B6C617A795F757365727C693A31343B),
	('a463880be178b2c02bb82d7b58066702bb11c793', '113.108.10.15', 1449848736, _binary 0x5F5F63695F6C6173745F726567656E65726174657C693A313434393834383733363B6C617A795F757365727C693A31353B),
	('1590c5598d8f314b6cfd013e33aad6f7bbd389af', '180.153.81.183', 1449848736, _binary 0x5F5F63695F6C6173745F726567656E65726174657C693A313434393834383733363B6C617A795F757365727C693A31363B),
	('c51ca42fd9e27c262f24229850fa0f53261a38df', '101.226.65.107', 1449848759, _binary 0x5F5F63695F6C6173745F726567656E65726174657C693A313434393834383735393B6C617A795F757365727C693A31373B),
	('6b8d9a2098af93e661d6c04c47b1d2a0b07baa9b', '61.183.112.248', 1449850532, _binary 0x5F5F63695F6C6173745F726567656E65726174657C693A313434393835303338383B6C617A795F757365727C693A31313B),
	('99b03aafec14594f497d9175237c1d78874db048', '61.183.112.248', 1449850876, _binary 0x5F5F63695F6C6173745F726567656E65726174657C693A313434393835303537363B6C617A795F757365727C693A313B),
	('3ea7cb5276efa8f37dbdfedbc5a1da67ec6c56a0', '61.183.112.248', 1449851044, _binary 0x5F5F63695F6C6173745F726567656E65726174657C693A313434393835303931303B6C617A795F757365727C693A323B),
	('d482e9e1ed6882d72f4fa042026a5b1986f1b3f3', '61.183.112.248', 1449888959, _binary 0x5F5F63695F6C6173745F726567656E65726174657C693A313434393838383034313B6C617A795F757365727C693A313B),
	('2186b1523550f31d0b07a240110f44ce23e300f1', '183.60.70.29', 1449902926, _binary 0x5F5F63695F6C6173745F726567656E65726174657C693A313434393930323932363B6C617A795F757365727C693A323B),
	('14db52d5b12d5837c1cc5ce16e11762648d1bf27', '61.183.112.248', 1449903209, _binary 0x5F5F63695F6C6173745F726567656E65726174657C693A313434393930323932363B6C617A795F757365727C693A333B),
	('7be6bdf2a50fce15c40c419f4b80eef8506086d6', '61.183.112.248', 1449904003, _binary 0x5F5F63695F6C6173745F726567656E65726174657C693A313434393930333736323B6C617A795F757365727C693A333B),
	('4ea1cb0b1cb9f01c32573146782d3980031698e8', '61.183.112.248', 1449904116, _binary 0x5F5F63695F6C6173745F726567656E65726174657C693A313434393930343130393B6C617A795F757365727C693A333B),
	('b8f85118a0499c8bf3e8a97615dc88f382d68be8', '61.183.112.248', 1449904461, _binary 0x5F5F63695F6C6173745F726567656E65726174657C693A313434393930343230313B6C617A795F757365727C693A333B),
	('a22706091677d79c3d73cf52ea8672f1ad264e81', '180.153.81.183', 1449904288, _binary 0x5F5F63695F6C6173745F726567656E65726174657C693A313434393930343238383B6C617A795F757365727C693A343B),
	('c781ad609dd33b161d267f4c3559ba52f1cf2499', '163.177.69.38', 1449904364, _binary 0x5F5F63695F6C6173745F726567656E65726174657C693A313434393930343336343B),
	('616f1a531ebedc4af2196448bddcee23c135b774', '59.172.155.200', 1449904407, _binary 0x5F5F63695F6C6173745F726567656E65726174657C693A313434393930343430373B6C617A795F757365727C693A353B),
	('0e427d42917b02344ffb230b96b677b9adf88ac0', '59.172.155.200', 1449904509, _binary 0x5F5F63695F6C6173745F726567656E65726174657C693A313434393930343436303B6C617A795F757365727C693A363B),
	('cae3c4abb7c9e427c7e653899698530b5651834d', '59.172.155.200', 1449905100, _binary 0x5F5F63695F6C6173745F726567656E65726174657C693A313434393930343835373B6C617A795F757365727C693A363B),
	('c6abc82b300e0593f64c186e56087e9c0fc371e1', '61.183.112.248', 1449904911, _binary 0x5F5F63695F6C6173745F726567656E65726174657C693A313434393930343931313B6C617A795F757365727C693A333B),
	('ec6bc5372c205414ffb3adf98a2391806cadd8bf', '180.153.160.78', 1449905115, _binary 0x5F5F63695F6C6173745F726567656E65726174657C693A313434393930353131353B6C617A795F757365727C693A373B),
	('2391aed597d0f237b3491c3d0b71ff54904061d3', '61.183.112.248', 1449906161, _binary 0x5F5F63695F6C6173745F726567656E65726174657C693A313434393930353837353B6C617A795F757365727C693A333B),
	('ca0df3b75a3f9c497128d77e9f85e9e951acfd80', '61.183.112.248', 1449906252, _binary 0x5F5F63695F6C6173745F726567656E65726174657C693A313434393930363235323B6C617A795F757365727C693A333B),
	('001164af9fa1db9bda1a12aeb6b40e067b7549fc', '61.183.112.248', 1449906846, _binary 0x5F5F63695F6C6173745F726567656E65726174657C693A313434393930363535373B6C617A795F757365727C693A333B),
	('04b6b227c2ca4511c7382ee797aeeba16f9869e4', '61.183.112.248', 1449906969, _binary 0x5F5F63695F6C6173745F726567656E65726174657C693A313434393930363936393B6C617A795F757365727C693A333B),
	('e3a9e3e17c2b677009eb4eb71be71995b42ad6bf', '61.183.112.248', 1449907465, _binary 0x5F5F63695F6C6173745F726567656E65726174657C693A313434393930373230343B6C617A795F757365727C693A333B),
	('031b49dd7305aef7602367c75f5230307b3fffd1', '61.183.112.248', 1449907506, _binary 0x5F5F63695F6C6173745F726567656E65726174657C693A313434393930373530363B6C617A795F757365727C693A333B),
	('46b9ef7bd24b0e4cc4d5b7388f9d99d2ef99d27c', '61.183.112.248', 1449907841, _binary 0x5F5F63695F6C6173745F726567656E65726174657C693A313434393930373539343B6C617A795F757365727C693A333B),
	('5f736d061ffcfc3c29ea1299c64be75756b64037', '61.183.112.248', 1449907812, _binary 0x5F5F63695F6C6173745F726567656E65726174657C693A313434393930373738363B6C617A795F757365727C693A383B),
	('aa8e6af2f30ca32f03d9d151026d88e2491d152b', '61.183.112.248', 1449907901, _binary 0x5F5F63695F6C6173745F726567656E65726174657C693A313434393930373837353B6C617A795F757365727C693A393B),
	('8e3dae8bc636dcfeb9d7d2e317aa2578269f92d4', '61.183.112.248', 1449908235, _binary 0x5F5F63695F6C6173745F726567656E65726174657C693A313434393930383139383B6C617A795F757365727C693A333B),
	('452f4c3c0bb72421ee0c0a0c750b691bfc731b5a', '61.183.112.248', 1449909174, _binary 0x5F5F63695F6C6173745F726567656E65726174657C693A313434393930393137343B6C617A795F757365727C693A333B),
	('19aab0375fd27161180de8e8bd3a9ab7dea8dc2e', '61.183.112.248', 1449909855, _binary 0x5F5F63695F6C6173745F726567656E65726174657C693A313434393930393535373B6C617A795F757365727C693A333B),
	('2c949ce3292f1a82c85a3bf22c370d65365220b3', '61.183.112.248', 1449911074, _binary 0x5F5F63695F6C6173745F726567656E65726174657C693A313434393931303139303B6C617A795F757365727C693A333B),
	('6a17dc0e5423b79e0b6863c3475eef8f75796ef7', '61.183.112.248', 1449910596, _binary ''),
	('5ca6009aca8677b4a0ae6f09c4d94a1dc8e599cb', '61.183.112.248', 1449910596, _binary ''),
	('5829e04f1197fdc8cd150db7e46c9997d2d4dc8c', '61.183.112.248', 1449911086, _binary 0x5F5F63695F6C6173745F726567656E65726174657C693A313434393931313038363B6C617A795F757365727C693A333B),
	('3ab641c154014204d00d2387562532921de16720', '61.183.112.248', 1449912162, _binary 0x5F5F63695F6C6173745F726567656E65726174657C693A313434393931313137333B6C617A795F757365727C693A333B),
	('b7032c5df0aee2bb08040c9175a2130f4c93a9b7', '223.104.25.80', 1449912189, _binary 0x5F5F63695F6C6173745F726567656E65726174657C693A313434393931323134393B6C617A795F757365727C693A31303B),
	('d2a51f23cee1a5312fd0151b8e036e01dba91d0f', '61.183.112.248', 1449912175, _binary 0x5F5F63695F6C6173745F726567656E65726174657C693A313434393931323137353B6C617A795F757365727C693A333B),
	('f53c2f2b41ee35c8bc9d65ce89b36694f634bfdd', '113.57.246.229', 1449914523, _binary 0x5F5F63695F6C6173745F726567656E65726174657C693A313434393931343433303B6C617A795F757365727C693A333B),
	('14ed0f377f12e5d0f8a346435decc9e612bf51ef', '61.151.186.144', 1449914512, _binary 0x5F5F63695F6C6173745F726567656E65726174657C693A313434393931343531323B6C617A795F757365727C693A31313B),
	('8070cb26b40fd93c189fd93bf9fd2878a2aadc23', '123.146.98.118', 1449914870, _binary 0x5F5F63695F6C6173745F726567656E65726174657C693A313434393931343638383B6C617A795F757365727C693A31323B),
	('6bfb94972b058e66051ed67926c2761f8258ff3a', '119.147.207.158', 1449914760, _binary 0x5F5F63695F6C6173745F726567656E65726174657C693A313434393931343736303B6C617A795F757365727C693A31333B),
	('b6db74274283d9e95472fb7140fdaca22e076181', '180.153.4.19', 1449915056, _binary 0x5F5F63695F6C6173745F726567656E65726174657C693A313434393931353035363B6C617A795F757365727C693A31343B),
	('ee9c6aaab6eac16ec41336044065bfa76b334518', '113.57.246.229', 1449915068, _binary 0x5F5F63695F6C6173745F726567656E65726174657C693A313434393931353035373B6C617A795F757365727C693A333B),
	('d52c76f4ca87020e66e3bfc8721618062c8f983c', '183.70.253.120', 1449918976, _binary 0x5F5F63695F6C6173745F726567656E65726174657C693A313434393931383937363B6C617A795F757365727C693A31353B),
	('e154ec30d314d469f9ce8998ae70f663b0bfe47c', '183.228.188.243', 1449920444, _binary 0x5F5F63695F6C6173745F726567656E65726174657C693A313434393932303232393B6C617A795F757365727C693A31363B),
	('30e89ddf490e60afadf07bf1661ce9a2183b8232', '125.85.235.238', 1449921737, _binary 0x5F5F63695F6C6173745F726567656E65726174657C693A313434393932313638323B6C617A795F757365727C693A31373B),
	('046d7b0a2d244e76ade9179ba2ca6dc815f2cb40', '183.70.253.120', 1449922295, _binary 0x5F5F63695F6C6173745F726567656E65726174657C693A313434393932323236343B6C617A795F757365727C693A31353B),
	('1316383664b1a95c4d2f99098f04920c57c7d869', '223.104.25.80', 1449925405, _binary 0x5F5F63695F6C6173745F726567656E65726174657C693A313434393932343733383B6C617A795F757365727C693A31383B),
	('743c55dcf9aeda36729c661fb8e49b58627b1945', '61.183.112.248', 1449925504, _binary 0x5F5F63695F6C6173745F726567656E65726174657C693A313434393932353530343B6C617A795F757365727C693A31393B),
	('73afc26b2ebad471bc06fb5e2ef79be5ae5def80', '61.183.112.248', 1449926604, _binary 0x5F5F63695F6C6173745F726567656E65726174657C693A313434393932363630343B6C617A795F757365727C693A32303B),
	('9681ac8e3959eda81d4bda352df0b7924a42bdb7', '119.147.207.158', 1449926633, _binary 0x5F5F63695F6C6173745F726567656E65726174657C693A313434393932363633333B6C617A795F757365727C693A32313B),
	('175cb0c7a7733ea100861d7504b0c2ae7b219417', '58.19.2.39', 1449926658, _binary 0x5F5F63695F6C6173745F726567656E65726174657C693A313434393932363634303B6C617A795F757365727C693A32323B),
	('0a56a5c6b27b336990d054ed1baa2219d0102210', '61.183.112.248', 1449926789, _binary 0x5F5F63695F6C6173745F726567656E65726174657C693A313434393932363738393B6C617A795F757365727C693A32333B),
	('b9333aaf70a9c1e0db489d78cb43688634b94f8a', '61.183.112.248', 1449926962, _binary 0x5F5F63695F6C6173745F726567656E65726174657C693A313434393932363931353B6C617A795F757365727C693A32343B),
	('0892cb83a72870382e8aca4483cd2b28da360b0d', '58.19.2.219', 1449927338, _binary 0x5F5F63695F6C6173745F726567656E65726174657C693A313434393932373333323B6C617A795F757365727C693A32353B),
	('9f25dbe6e1d3cb9e0869b17ab13da35e428b0979', '61.183.112.248', 1449930063, _binary 0x5F5F63695F6C6173745F726567656E65726174657C693A313434393932393937323B6C617A795F757365727C693A32363B),
	('3ef2db2a86c1a58c1d54b0361c72d74ed338ee53', '183.60.70.29', 1449930114, _binary 0x5F5F63695F6C6173745F726567656E65726174657C693A313434393933303131343B6C617A795F757365727C693A32373B),
	('c4af9592cb02ec17c879e3ab09ecfc884786395f', '119.147.207.158', 1449930115, _binary 0x5F5F63695F6C6173745F726567656E65726174657C693A313434393933303131343B6C617A795F757365727C693A32383B),
	('544244d002ba3f2590561f6358ba44bb31af2eab', '180.153.81.183', 1449930122, _binary 0x5F5F63695F6C6173745F726567656E65726174657C693A313434393933303132323B6C617A795F757365727C693A32393B),
	('636ab12d250eaea2fcc11173173ba038f71225bc', '223.104.18.189', 1449930379, _binary 0x5F5F63695F6C6173745F726567656E65726174657C693A313434393933303331393B6C617A795F757365727C693A33303B),
	('c05f45ed2699de8fc37d74cdaae60e7f5ff4db5a', '180.153.81.163', 1449930326, _binary 0x5F5F63695F6C6173745F726567656E65726174657C693A313434393933303332363B6C617A795F757365727C693A33313B),
	('e4da8ef37b3c10848db96bbc0d8d06d1e434763d', '119.147.207.158', 1449930563, _binary 0x5F5F63695F6C6173745F726567656E65726174657C693A313434393933303536333B6C617A795F757365727C693A33323B),
	('5eb8eafc3f27cc619901eaf8eb89c1b523cf2c92', '14.104.33.57', 1449930563, _binary 0x5F5F63695F6C6173745F726567656E65726174657C693A313434393933303536333B6C617A795F757365727C693A33333B),
	('44d5ce713b803ce3e7bad90dd1be0040db5c26d1', '101.226.64.175', 1449930863, _binary 0x5F5F63695F6C6173745F726567656E65726174657C693A313434393933303836333B6C617A795F757365727C693A33343B),
	('1469ed33fde15f8b5b1e5fb8bd8a14c0f25d01d0', '210.47.33.202', 1449930986, _binary 0x5F5F63695F6C6173745F726567656E65726174657C693A313434393933303836343B6C617A795F757365727C693A33353B),
	('5ba34445615b9a47a2146fc3bd7bc6f66060a7a7', '61.183.112.248', 1449930981, _binary 0x5F5F63695F6C6173745F726567656E65726174657C693A313434393933303938313B6C617A795F757365727C693A33363B),
	('8b33186bd34464bf6a2bdbf6e2b68e629486e545', '14.104.33.57', 1449931275, _binary 0x5F5F63695F6C6173745F726567656E65726174657C693A313434393933313233393B6C617A795F757365727C693A33333B),
	('1bcf9e762ff950a3ef4954b6e5736e199679e021', '112.114.38.125', 1449931385, _binary 0x5F5F63695F6C6173745F726567656E65726174657C693A313434393933313330383B6C617A795F757365727C693A33373B),
	('70c3d68edd2cfbdcede7d604f28fdaab84ddba63', '180.153.81.163', 1449931315, _binary 0x5F5F63695F6C6173745F726567656E65726174657C693A313434393933313331353B6C617A795F757365727C693A33383B),
	('c198740232895604eaa9b629e577e5d4ee7b4cb1', '180.153.4.19', 1449931337, _binary 0x5F5F63695F6C6173745F726567656E65726174657C693A313434393933313333373B6C617A795F757365727C693A33393B),
	('8feca3bbc53ff25ce7bd30e444d477ed4a2e4fa5', '220.249.99.175', 1449931337, _binary 0x5F5F63695F6C6173745F726567656E65726174657C693A313434393933313333373B6C617A795F757365727C693A34303B),
	('50cc40ba8812d3c4e01459f87585eb844cae2e43', '117.136.30.166', 1449931341, _binary 0x5F5F63695F6C6173745F726567656E65726174657C693A313434393933313334313B6C617A795F757365727C693A34313B),
	('965f97a0b9222fdf6a5b80b3ff88659b0725dfa4', '113.57.182.55', 1449931368, _binary 0x5F5F63695F6C6173745F726567656E65726174657C693A313434393933313334363B6C617A795F757365727C693A34323B),
	('3661ffbd103ba11cb7e0fe02c4908f691fcc2cce', '180.153.81.183', 1449931352, _binary 0x5F5F63695F6C6173745F726567656E65726174657C693A313434393933313335323B6C617A795F757365727C693A34333B),
	('178f8a67b704ec79f62b46549de55a409912b79a', '180.153.81.163', 1449931374, _binary 0x5F5F63695F6C6173745F726567656E65726174657C693A313434393933313337343B6C617A795F757365727C693A34343B),
	('251972a73c46676a00ab0acd1490fe1e06b50c6d', '58.19.3.218', 1449931548, _binary 0x5F5F63695F6C6173745F726567656E65726174657C693A313434393933313534383B6C617A795F757365727C693A34353B),
	('f1dd4d3d3c6eef67000ca14b223c1e657cf84bc9', '112.64.235.254', 1449931549, _binary 0x5F5F63695F6C6173745F726567656E65726174657C693A313434393933313534393B6C617A795F757365727C693A34363B),
	('89801b3afaf554b75fe4b03dd15ccfbfc0babfd8', '223.104.20.65', 1449931740, _binary 0x5F5F63695F6C6173745F726567656E65726174657C693A313434393933313635323B6C617A795F757365727C693A34373B),
	('7c7f44aa75ff6355ce8e67cc32c4e1d693aa069b', '119.147.207.158', 1449931817, _binary 0x5F5F63695F6C6173745F726567656E65726174657C693A313434393933313831373B6C617A795F757365727C693A34383B),
	('d9bd65630306409d92d091aac352a1780ea2f1b2', '14.104.33.57', 1449931940, _binary 0x5F5F63695F6C6173745F726567656E65726174657C693A313434393933313831373B6C617A795F757365727C693A33333B),
	('bb2c02fd44329a2afe56107111b38650bb3b15e9', '119.147.207.158', 1449931842, _binary 0x5F5F63695F6C6173745F726567656E65726174657C693A313434393933313834323B6C617A795F757365727C693A34393B),
	('30108e0083b0224eab456b8256e2696005294f0b', '220.249.99.175', 1449931853, _binary 0x5F5F63695F6C6173745F726567656E65726174657C693A313434393933313834323B6C617A795F757365727C693A35303B),
	('7afb9e7817bc0f8af9279cfa1c2ad29d6d36788e', '180.153.4.19', 1449931930, _binary 0x5F5F63695F6C6173745F726567656E65726174657C693A313434393933313933303B6C617A795F757365727C693A35313B),
	('52e8f92c3b8d978537280fdd6b9757b0abcdc5a2', '125.82.145.18', 1449931971, _binary 0x5F5F63695F6C6173745F726567656E65726174657C693A313434393933313933313B6C617A795F757365727C693A35323B),
	('e20e970af2146e9f54fa6e873c5cd3c7c69de532', '180.153.4.19', 1449931939, _binary 0x5F5F63695F6C6173745F726567656E65726174657C693A313434393933313933393B6C617A795F757365727C693A35333B),
	('a08e8ae597d0bf1cde0b4c534d5a91102fe84563', '113.108.10.18', 1449931944, _binary 0x5F5F63695F6C6173745F726567656E65726174657C693A313434393933313934343B6C617A795F757365727C693A35343B),
	('e9ec7cf4f4a761ea28ae00745fd0db0376018539', '14.104.33.57', 1449932335, _binary 0x5F5F63695F6C6173745F726567656E65726174657C693A313434393933323333353B6C617A795F757365727C693A33333B),
	('464ae3862ff85e55e12c3d5aee9ddf8102e02dbb', '111.13.93.38', 1449932351, _binary 0x5F5F63695F6C6173745F726567656E65726174657C693A313434393933323335313B6C617A795F757365727C693A35353B),
	('90faab23a8269a02d5d2cd99e725a8b4eafda769', '223.104.20.100', 1449932753, _binary 0x5F5F63695F6C6173745F726567656E65726174657C693A313434393933323732383B6C617A795F757365727C693A35363B),
	('e0efdafb510127c4b5c436cbab6fe08e64c782dd', '180.153.81.183', 1449932734, _binary 0x5F5F63695F6C6173745F726567656E65726174657C693A313434393933323733343B6C617A795F757365727C693A35373B),
	('21fb78a1ef2e9b85b36184f00a9225fe7a480617', '180.153.81.163', 1449932859, _binary 0x5F5F63695F6C6173745F726567656E65726174657C693A313434393933323835393B6C617A795F757365727C693A35383B),
	('41a744bd20e21df1674eee10fee845e2752127e8', '61.183.112.248', 1449933011, _binary 0x5F5F63695F6C6173745F726567656E65726174657C693A313434393933333031313B6C617A795F757365727C693A35393B),
	('729790dc2f0d573d22bca70d61f3a10ccb01bc81', '119.147.207.158', 1449933212, _binary 0x5F5F63695F6C6173745F726567656E65726174657C693A313434393933333231323B6C617A795F757365727C693A36303B),
	('3b02794d026eadd08979c0d0dff43dd092813d52', '123.147.246.171', 1449933213, _binary 0x5F5F63695F6C6173745F726567656E65726174657C693A313434393933333231333B6C617A795F757365727C693A36313B),
	('48d307c315dd8454ea457ca13e2915efa54acc04', '220.249.99.172', 1449933275, _binary 0x5F5F63695F6C6173745F726567656E65726174657C693A313434393933333236383B6C617A795F757365727C693A36323B),
	('b663108130e7cdf61fd42d12a9b272d8952a9d4f', '180.153.81.163', 1449933275, _binary 0x5F5F63695F6C6173745F726567656E65726174657C693A313434393933333237353B6C617A795F757365727C693A36333B),
	('a61cacbd69d034498cc7bf51bd2b9434d81bf83c', '101.226.64.175', 1449934282, _binary 0x5F5F63695F6C6173745F726567656E65726174657C693A313434393933343238323B6C617A795F757365727C693A36343B),
	('ce28d64816b77fc9d6bdc4490319f0ab547b22a9', '61.183.112.248', 1449934283, _binary 0x5F5F63695F6C6173745F726567656E65726174657C693A313434393933343238333B6C617A795F757365727C693A36353B),
	('b09a0d7b0a3a9598b605969d22d2cb32227db9d7', '113.204.170.2', 1449935339, _binary 0x5F5F63695F6C6173745F726567656E65726174657C693A313434393933353236343B6C617A795F757365727C693A36363B),
	('2aea498776f2af40c865e22a8d01108e29f4a582', '61.183.112.248', 1449935563, _binary 0x5F5F63695F6C6173745F726567656E65726174657C693A313434393933353536333B6C617A795F757365727C693A36373B),
	('5ba0135c1ea7dc1866993ac8cf4a303e588b7e3f', '113.108.10.18', 1449935565, _binary 0x5F5F63695F6C6173745F726567656E65726174657C693A313434393933353536353B6C617A795F757365727C693A36383B),
	('c1d73a9b2d2d79ff6537ca0e132b8b61cadf22a7', '180.153.81.183', 1449935569, _binary 0x5F5F63695F6C6173745F726567656E65726174657C693A313434393933353536393B6C617A795F757365727C693A36393B),
	('6ca824a4faadd8db391da463282d7ac099897477', '180.153.4.19', 1449935572, _binary 0x5F5F63695F6C6173745F726567656E65726174657C693A313434393933353537323B6C617A795F757365727C693A37303B),
	('8312598f6379d64e023c16dfc11e53cbf4a4f0df', '180.153.81.183', 1449935578, _binary 0x5F5F63695F6C6173745F726567656E65726174657C693A313434393933353537383B6C617A795F757365727C693A37313B),
	('df8c8d913fffe346e755698658fc2d77ea5e68ca', '113.105.95.122', 1449935603, _binary 0x5F5F63695F6C6173745F726567656E65726174657C693A313434393933353630333B6C617A795F757365727C693A37323B),
	('e6cc7530747d394b50e03c44153c129c64c10b2f', '58.19.2.40', 1449935645, _binary 0x5F5F63695F6C6173745F726567656E65726174657C693A313434393933353630333B6C617A795F757365727C693A37333B),
	('8d93b38054ba38c042510b2d0c27245a85433c85', '14.17.34.190', 1449935645, _binary 0x5F5F63695F6C6173745F726567656E65726174657C693A313434393933353634353B),
	('76efa5ea8fdc9cfd46987a70e5916ddeed1810cd', '180.153.4.19', 1449936561, _binary 0x5F5F63695F6C6173745F726567656E65726174657C693A313434393933363536313B6C617A795F757365727C693A37343B),
	('ad3e5fc15e233d7d1aad8667aa3bf8195533f78f', '117.136.30.71', 1449936598, _binary 0x5F5F63695F6C6173745F726567656E65726174657C693A313434393933363536313B6C617A795F757365727C693A37353B),
	('1565d8d6de3595fa83327ade9a04f50680fc34ad', '119.103.177.211', 1449936718, _binary 0x5F5F63695F6C6173745F726567656E65726174657C693A313434393933363638333B6C617A795F757365727C693A37363B),
	('02d48f72d106828209208c2f993d0e512d708cb2', '180.153.81.163', 1449936686, _binary 0x5F5F63695F6C6173745F726567656E65726174657C693A313434393933363638363B6C617A795F757365727C693A37373B),
	('d46b4dbc462dbbf9aaa0d464c19a73af4f311f28', '183.150.5.58', 1449936810, _binary 0x5F5F63695F6C6173745F726567656E65726174657C693A313434393933363737323B6C617A795F757365727C693A37383B),
	('6c5da48bf301e0f459ad83250d9f28590bc273f7', '61.183.112.248', 1449937600, _binary 0x5F5F63695F6C6173745F726567656E65726174657C693A313434393933373538383B6C617A795F757365727C693A37393B),
	('7aa75bfedde963061834d267c51e10a597ca2521', '101.226.64.175', 1449938498, _binary 0x5F5F63695F6C6173745F726567656E65726174657C693A313434393933383439383B6C617A795F757365727C693A38303B),
	('63579ad95b375878f84a83b9febad16fbe1191d6', '220.249.99.143', 1449938668, _binary 0x5F5F63695F6C6173745F726567656E65726174657C693A313434393933383439383B6C617A795F757365727C693A38313B),
	('4a64039272cfc53a8f9244b40ead7fed1edd14e3', '123.147.246.140', 1449938675, _binary 0x5F5F63695F6C6173745F726567656E65726174657C693A313434393933383634333B6C617A795F757365727C693A36313B),
	('6e3442f6af9ea51334eefed3170fb151ee3e95d4', '113.108.10.18', 1449938673, _binary 0x5F5F63695F6C6173745F726567656E65726174657C693A313434393933383637333B6C617A795F757365727C693A38323B),
	('c36bd0a1f6eafee4a7e8d46ed0cc029119f7703b', '183.60.70.29', 1449938676, _binary 0x5F5F63695F6C6173745F726567656E65726174657C693A313434393933383637363B6C617A795F757365727C693A38333B),
	('e046f9facd075c870ef0359297adbde893a56d00', '180.153.81.163', 1449938676, _binary 0x5F5F63695F6C6173745F726567656E65726174657C693A313434393933383637363B6C617A795F757365727C693A38343B),
	('70175bda649a85050d17957c77dfa5b84840b81c', '61.183.112.248', 1449939077, _binary 0x5F5F63695F6C6173745F726567656E65726174657C693A313434393933393037373B6C617A795F757365727C693A38353B),
	('ad10b8dbd07a6177ec68559ee0b0f00b31178789', '220.181.165.197', 1449946304, _binary ''),
	('3dc1888aecf7513f84003256a42a5b22f35ed263', '220.181.165.199', 1449946304, _binary ''),
	('7d9481cf500275dd39008a2ef4a258b091ed29f9', '58.19.2.39', 1449949430, _binary 0x5F5F63695F6C6173745F726567656E65726174657C693A313434393934393433303B6C617A795F757365727C693A38363B),
	('2479e5c2246f73840f9f5c26295a0d25bd254667', '58.19.2.39', 1449949553, _binary 0x5F5F63695F6C6173745F726567656E65726174657C693A313434393934393434373B6C617A795F757365727C693A38373B),
	('6ee7099bfd82e628629819b593559d8c4df580ef', '180.153.4.19', 1449966549, _binary 0x5F5F63695F6C6173745F726567656E65726174657C693A313434393936363534393B6C617A795F757365727C693A38383B),
	('e18de909221272044b4d6a62de000e57fe8999c1', '14.144.129.82', 1449966579, _binary 0x5F5F63695F6C6173745F726567656E65726174657C693A313434393936363534393B6C617A795F757365727C693A38393B),
	('3400a530aba5268d6bac889e283cb82c06bf08bd', '61.183.112.248', 1449969334, _binary 0x5F5F63695F6C6173745F726567656E65726174657C693A313434393936393333343B6C617A795F757365727C693A39303B),
	('34ccdd98985750b473bee32aa47278efeb94689b', '223.104.4.240', 1449972478, _binary 0x5F5F63695F6C6173745F726567656E65726174657C693A313434393937323435333B6C617A795F757365727C693A39313B),
	('4c4e104d5fc7558c5175aa43c1c1c8ada7579f95', '61.183.112.248', 1449974131, _binary 0x5F5F63695F6C6173745F726567656E65726174657C693A313434393937343130363B6C617A795F757365727C693A39323B),
	('18071f438e0915b5939d3e61909e42b5d1c165f7', '61.183.112.248', 1449977696, _binary 0x5F5F63695F6C6173745F726567656E65726174657C693A313434393937373637373B66726565736974655F7573657249647C733A313A2231223B66726565736974655F6D61696C7C733A31363A223839313539393339364071712E636F6D223B),
	('23b060cf2cdc5c9fb17f1868979fe8db840c335f', '61.183.112.248', 1449977669, _binary ''),
	('8e747fb95a7e8ab3e66804201fffbb16d158723d', '61.183.112.248', 1449977835, _binary 0x5F5F63695F6C6173745F726567656E65726174657C693A313434393937373831383B66726565736974655F7573657249647C733A313A2231223B66726565736974655F6D61696C7C733A31363A223839313539393339364071712E636F6D223B),
	('84b16eb6a0c30dded11a705deb90feb3941d01e7', '61.183.112.248', 1449977721, _binary ''),
	('7be2cf64131a93fa3d4029f2261e9fa81c15b90e', '112.114.38.125', 1449982591, _binary 0x5F5F63695F6C6173745F726567656E65726174657C693A313434393938323536363B6C617A795F757365727C693A39333B),
	('a6c4617194b09b70e008bab27118b8ac3fe1aa27', '180.153.81.163', 1449982571, _binary 0x5F5F63695F6C6173745F726567656E65726174657C693A313434393938323537313B6C617A795F757365727C693A39343B),
	('e1c1720c3d67b508565826fb0de02530514b9b62', '58.19.2.39', 1449983305, _binary 0x5F5F63695F6C6173745F726567656E65726174657C693A313434393938333330353B6C617A795F757365727C693A39353B),
	('bf12f658ddfd47305924b82aff726202542b6ed8', '223.104.33.102', 1449994374, _binary 0x5F5F63695F6C6173745F726567656E65726174657C693A313434393939343336353B6C617A795F757365727C693A39363B),
	('bd866ca6ab099d39eb22a976c1554978a38ac203', '113.57.246.137', 1449994472, _binary 0x5F5F63695F6C6173745F726567656E65726174657C693A313434393939343435353B6C617A795F757365727C693A39373B),
	('79acfd3fc593490794f65256596c856bd696cc25', '61.183.112.248', 1450000197, _binary ''),
	('2689982d9782328b8c116b81f19a1a0a51ac3566', '61.183.112.248', 1450000467, _binary 0x5F5F63695F6C6173745F726567656E65726174657C693A313435303030303230383B66726565736974655F7573657249647C733A313A2231223B66726565736974655F6D61696C7C733A31363A223839313539393339364071712E636F6D223B),
	('c2ca1beb5705a83555da5fa97a3b2989e6b136ba', '61.183.112.248', 1450000694, _binary 0x5F5F63695F6C6173745F726567656E65726174657C693A313435303030303639343B66726565736974655F7573657249647C733A313A2231223B66726565736974655F6D61696C7C733A31363A223839313539393339364071712E636F6D223B),
	('73dc9c0c815566fc322dda92e6fb7649cc3b8c81', '180.153.81.163', 1450007395, _binary 0x5F5F63695F6C6173745F726567656E65726174657C693A313435303030373339353B6C617A795F757365727C693A39383B),
	('c09613204698660f01dae34804b64162b7ae9516', '59.174.120.45', 1450007586, _binary 0x5F5F63695F6C6173745F726567656E65726174657C693A313435303030373339353B6C617A795F757365727C693A39393B),
	('78562e5aa5da05c5793dbcac71a661a0d8694f61', '59.174.120.45', 1450007611, _binary 0x5F5F63695F6C6173745F726567656E65726174657C693A313435303030373539353B6C617A795F757365727C693A3130303B),
	('96fa0ee7c513585bfe3ebfa108a1672e2089845c', '59.174.120.45', 1450007709, _binary 0x5F5F63695F6C6173745F726567656E65726174657C693A313435303030373637353B6C617A795F757365727C693A3130313B),
	('7db18a94c2400ef119fe4bec5fdb5c3492afc894', '61.183.112.248', 1450010751, _binary ''),
	('0b1fbe402f0153fbc9063a9f9599fcd84fb5211b', '61.183.112.248', 1450012009, _binary 0x5F5F63695F6C6173745F726567656E65726174657C693A313435303031303736333B66726565736974655F7573657249647C733A313A2231223B66726565736974655F6D61696C7C733A31363A223839313539393339364071712E636F6D223B),
	('d62442ffd00d94cf6ee5f999c1cfe6721aac4a95', '61.183.112.248', 1450012069, _binary 0x5F5F63695F6C6173745F726567656E65726174657C693A313435303031323036393B),
	('24ad05563d0f3a55893a7447238b5877772cf88b', '61.183.112.248', 1450012069, _binary 0x5F5F63695F6C6173745F726567656E65726174657C693A313435303031323036393B),
	('cd421eda06413979ad793129d8acfede35d01004', '61.183.112.248', 1450012082, _binary 0x5F5F63695F6C6173745F726567656E65726174657C693A313435303031323037383B66726565736974655F7573657249647C733A313A2231223B66726565736974655F6D61696C7C733A31363A223839313539393339364071712E636F6D223B),
	('a7fecd2b7adc88f69bca410f9c5722328366d7b2', '61.183.112.248', 1450014700, _binary 0x5F5F63695F6C6173745F726567656E65726174657C693A313435303031343538343B66726565736974655F7573657249647C733A313A2231223B66726565736974655F6D61696C7C733A31363A223839313539393339364071712E636F6D223B),
	('e7a9d6478a099817786436d6fe49756c71efd9e9', '61.183.112.248', 1450014624, _binary 0x5F5F63695F6C6173745F726567656E65726174657C693A313435303031343632343B6C617A795F757365727C693A3130323B),
	('723a958987d251265be3e96bbad82f38cca79fc4', '171.82.238.191', 1450017248, _binary 0x5F5F63695F6C6173745F726567656E65726174657C693A313435303031373139393B6C617A795F757365727C693A3130333B),
	('a01322dba715c22a3d5d845baf0af260e7f575ae', '61.183.112.251', 1450022327, _binary 0x5F5F63695F6C6173745F726567656E65726174657C693A313435303032323332373B6C617A795F757365727C693A3130343B),
	('c664c642593d0c0f91f9eb2b19e32c705ba844f3', '180.153.4.19', 1450023519, _binary 0x5F5F63695F6C6173745F726567656E65726174657C693A313435303032333531393B6C617A795F757365727C693A3130353B),
	('040301465b5bfdf488eb4ffbc7d28cde22b4eba5', '59.174.120.45', 1450023519, _binary 0x5F5F63695F6C6173745F726567656E65726174657C693A313435303032333531393B6C617A795F757365727C693A3130363B),
	('6829eaad91f5a231f3ef1e93e1134e73737280ae', '58.19.3.5', 1450024296, _binary 0x5F5F63695F6C6173745F726567656E65726174657C693A313435303032343239363B6C617A795F757365727C693A3130373B),
	('78c05e1b5fb0f3ffa5b1cb5e189b857f976eaef5', '61.183.112.251', 1450052857, _binary 0x5F5F63695F6C6173745F726567656E65726174657C693A313435303035323835373B6C617A795F757365727C693A3130383B),
	('67b5c6a7a60c8650dfeb76c920b7b4085cafbb6c', '180.153.81.183', 1450052857, _binary 0x5F5F63695F6C6173745F726567656E65726174657C693A313435303035323835373B6C617A795F757365727C693A3130393B),
	('076330c2a3926c0788b3b8f34e282d91c418c33e', '219.139.226.146', 1450062503, _binary 0x5F5F63695F6C6173745F726567656E65726174657C693A313435303036323430363B6C617A795F757365727C693A3131303B),
	('5081175dbd6fe54d2e79b16c8b0e5e1e3a49d4fe', '183.232.47.140', 1450062520, _binary 0x5F5F63695F6C6173745F726567656E65726174657C693A313435303036323532303B6C617A795F757365727C693A3131313B),
	('9d0da3a63078391f18f2e74ca8cb850510d3895e', '219.139.226.146', 1450062588, _binary 0x5F5F63695F6C6173745F726567656E65726174657C693A313435303036323534353B6C617A795F757365727C693A3131323B),
	('2609b8685dff459df923c137f80f20b092dc3ffc', '59.172.155.200', 1450067070, _binary ''),
	('0d1721141aaf3e89af171c9452f0d8ea1f83a7c7', '59.172.155.200', 1450067070, _binary ''),
	('724b80a6ee286951eb26936b698816f879cd8f6f', '59.172.155.200', 1450069021, _binary ''),
	('0e70f2b759ff466dc263d5190f6259c496d6617b', '59.172.155.200', 1450069021, _binary ''),
	('3f21e883146be16b61584d0d487a2ab5bd73e5e7', '59.172.155.200', 1450096074, _binary ''),
	('01d1294562be1b7a0bc85ebe27b3d20e78b62d65', '59.172.155.200', 1450096074, _binary ''),
	('5ea5e618bb066e37c92dfab0bc4175bf484fd14a', '183.60.62.44', 1450099271, _binary 0x5F5F63695F6C6173745F726567656E65726174657C693A313435303039393237313B6C617A795F757365727C693A3131333B),
	('d4e7b5f0ef172c7b2de846b5cbd6e4e29cd5224f', '59.172.155.200', 1450099272, _binary 0x5F5F63695F6C6173745F726567656E65726174657C693A313435303039393237323B6C617A795F757365727C693A3131343B),
	('61e8dafe9fa0f8c7a43e0f4c93db266d763b4c39', '223.104.25.69', 1450104488, _binary 0x5F5F63695F6C6173745F726567656E65726174657C693A313435303130343438383B6C617A795F757365727C693A3131353B),
	('2ffa39e7059bea5ef56e8b900efc4a44ad3ca7a4', '180.153.81.163', 1450104488, _binary 0x5F5F63695F6C6173745F726567656E65726174657C693A313435303130343438383B6C617A795F757365727C693A3131363B),
	('7fbb90f02562f585e9794920bc798d6d46393176', '119.147.207.158', 1450104502, _binary 0x5F5F63695F6C6173745F726567656E65726174657C693A313435303130343530323B6C617A795F757365727C693A3131373B),
	('e1ed5c7d4a962a28d113426336187c3b39673809', '180.153.81.183', 1450104559, _binary 0x5F5F63695F6C6173745F726567656E65726174657C693A313435303130343535393B6C617A795F757365727C693A3131383B),
	('caf74d4b22a37604cd126708b07ac65954f4cbfb', '223.104.248.3', 1450104617, _binary 0x5F5F63695F6C6173745F726567656E65726174657C693A313435303130343535393B6C617A795F757365727C693A3131393B),
	('98e33ac2aab5fc382cb9c79ba93a78be522b1852', '59.172.155.210', 1450104910, _binary 0x5F5F63695F6C6173745F726567656E65726174657C693A313435303130343931303B6C617A795F757365727C693A3132303B),
	('1aa34b574d17e26924d927d3fe83ac2916ac2b65', '59.172.155.210', 1450108299, _binary 0x5F5F63695F6C6173745F726567656E65726174657C693A313435303130383239393B6C617A795F757365727C693A3132313B),
	('6bd57d3afbb602bc3215ab96f1e9322ee6100f9c', '171.209.19.242', 1450109658, _binary 0x5F5F63695F6C6173745F726567656E65726174657C693A313435303130393632363B6C617A795F757365727C693A3132323B),
	('8ed51417bebe645f21f34b7b6d955f604c86a97a', '223.104.25.64', 1450111404, _binary 0x5F5F63695F6C6173745F726567656E65726174657C693A313435303131313139313B6C617A795F757365727C693A3132333B),
	('0c3529ba66d70cef736989790df61e3ea65c5413', '14.17.29.85', 1450111322, _binary 0x5F5F63695F6C6173745F726567656E65726174657C693A313435303131313332323B6C617A795F757365727C693A3132343B),
	('1b22929a89d055549c05e20e84a793053b8cf52f', '180.153.163.190', 1450111323, _binary 0x5F5F63695F6C6173745F726567656E65726174657C693A313435303131313332333B6C617A795F757365727C693A3132353B),
	('8884b08e44ba64e45a9fba305c6a803beec1b025', '119.188.16.37', 1450111323, _binary 0x5F5F63695F6C6173745F726567656E65726174657C693A313435303131313332333B6C617A795F757365727C693A3132363B),
	('334dcd42ef4a438c776430dc3ab35a1b15bf55fa', '183.60.35.93', 1450111395, _binary 0x5F5F63695F6C6173745F726567656E65726174657C693A313435303131313339353B6C617A795F757365727C693A3132373B),
	('148d16c7f2d6e3de4897dd92573f0d0256421440', '113.105.95.122', 1450111421, _binary 0x5F5F63695F6C6173745F726567656E65726174657C693A313435303131313432313B6C617A795F757365727C693A3132383B),
	('b09ea4746f420ef6e3df6b22c6a15bffde823c45', '222.140.179.122', 1450112728, _binary 0x5F5F63695F6C6173745F726567656E65726174657C693A313435303131323730303B6C617A795F757365727C693A3132393B),
	('0f65dd10a349dc537c64dbeb7627f78ecf017a74', '220.181.165.10', 1450119869, _binary ''),
	('2cb24f85300d9e93b43e11f11cde2aa80f50df37', '220.181.165.9', 1450119869, _binary ''),
	('2f70a72540a563320448829bab319b45fb9ce308', '106.84.20.217', 1450135812, _binary 0x5F5F63695F6C6173745F726567656E65726174657C693A313435303133353831313B6C617A795F757365727C693A3133313B),
	('6c43d8e0593f1664c549a0b73f0c95d7c9914bf8', '101.226.64.175', 1450135812, _binary 0x5F5F63695F6C6173745F726567656E65726174657C693A313435303133353831313B6C617A795F757365727C693A3133303B),
	('3529b38d7528a0b61454f004c694f2d2c8f0e5f7', '106.84.20.217', 1450135850, _binary 0x5F5F63695F6C6173745F726567656E65726174657C693A313435303133353831313B6C617A795F757365727C693A3133333B),
	('410020370e66a3437d9013ce5aa8e51201e7144e', '180.153.81.163', 1450135812, _binary 0x5F5F63695F6C6173745F726567656E65726174657C693A313435303133353831313B6C617A795F757365727C693A3133323B),
	('bcd53ff48664ab4aeb6a85db3bb306b1609bb981', '123.146.234.138', 1450147813, _binary 0x5F5F63695F6C6173745F726567656E65726174657C693A313435303134373739373B6C617A795F757365727C693A3133343B),
	('5af586a1f040b5ed82659f432c75a90df753591d', '183.60.1.241', 1450147811, _binary 0x5F5F63695F6C6173745F726567656E65726174657C693A313435303134373831313B6C617A795F757365727C693A3133353B),
	('65bdd46fe088b76da5400adf93a9e307e08d0967', '183.60.62.44', 1450147860, _binary 0x5F5F63695F6C6173745F726567656E65726174657C693A313435303134373836303B6C617A795F757365727C693A3133363B),
	('20fe78d0388831653a55dcf99c0b603ba3e735dc', '117.135.212.96', 1450155471, _binary 0x5F5F63695F6C6173745F726567656E65726174657C693A313435303135353238393B6C617A795F757365727C693A3133373B),
	('2ab2e91af3da37b622c4bb3a73b5da65c01d5cde', '59.172.155.198', 1450174522, _binary ''),
	('51fbef7b2393e9043f7ea811593d33eca9dd540a', '59.172.155.198', 1450176941, _binary ''),
	('bd5681c955d097dd79a6408210cc6ca1f57b6382', '59.172.155.199', 1450191893, _binary 0x5F5F63695F6C6173745F726567656E65726174657C693A313435303139313839333B6C617A795F757365727C693A3133383B),
	('f28bf0352255419b177b78af0f098e3259875258', '180.153.81.163', 1450199016, _binary 0x5F5F63695F6C6173745F726567656E65726174657C693A313435303139393031363B6C617A795F757365727C693A3133393B),
	('398c77b25e6c00018f189e6598f168e56cd42e5f', '183.228.190.84', 1450200931, _binary 0x5F5F63695F6C6173745F726567656E65726174657C693A313435303230303931353B6C617A795F757365727C693A3134303B),
	('e514f414b94bf4e176bfb32d7cf8d4022e7c97d5', '220.181.165.199', 1450205414, _binary ''),
	('f2d45b1b8e8ba173643e4ea07f81674d9a5342c8', '220.181.165.198', 1450205414, _binary ''),
	('e6a7e3178e2536ebbe003b3d357ebe468821b600', '119.147.207.158', 1450224629, _binary 0x5F5F63695F6C6173745F726567656E65726174657C693A313435303232343632393B6C617A795F757365727C693A3134313B),
	('12c60678cd5bc5e857e555d4e3d3f15fb8454889', '113.200.85.102', 1450224712, _binary 0x5F5F63695F6C6173745F726567656E65726174657C693A313435303232343633303B6C617A795F757365727C693A3134323B),
	('7226e8d9a057317366eca0025e39b0da1a85bf34', '14.17.34.189', 1450260903, _binary 0x5F5F63695F6C6173745F726567656E65726174657C693A313435303236303930333B6C617A795F757365727C693A3134343B),
	('d4b3ddab36abed874cc52a3f3380ca3b3300111e', '180.153.81.163', 1450260903, _binary 0x5F5F63695F6C6173745F726567656E65726174657C693A313435303236303930333B6C617A795F757365727C693A3134333B),
	('6076e8405f3236df314e3d656f395a00622edd95', '27.11.3.87', 1450260956, _binary 0x5F5F63695F6C6173745F726567656E65726174657C693A313435303236303930333B6C617A795F757365727C693A3134353B),
	('34e6dc0dbcab7bfda9c7f9b37bf74befff4d2039', '59.172.155.200', 1450270261, _binary 0x5F5F63695F6C6173745F726567656E65726174657C693A313435303236363135323B66726565736974655F7573657249647C733A313A2231223B66726565736974655F6D61696C7C733A31363A223839313539393339364071712E636F6D223B),
	('69e762e7d5283d3e6f1dc1fcf68fde1edbb2b595', '59.172.155.200', 1450266150, _binary ''),
	('98dc803a816aecb12d50d5504f849a1a1f29ba10', '59.172.155.200', 1450270216, _binary ''),
	('367836e37c776c37a51a8c237045d014d55c5631', '59.172.155.200', 1450270231, _binary 0x5F5F63695F6C6173745F726567656E65726174657C693A313435303237303231393B66726565736974655F7573657249647C733A313A2231223B66726565736974655F6D61696C7C733A31363A223839313539393339364071712E636F6D223B),
	('6482df4360b01cc740a334825b8634ef305cc888', '59.172.155.206', 1450329276, _binary 0x5F5F63695F6C6173745F726567656E65726174657C693A313435303332393237363B),
	('f60ac7d4bd941d8ddb0720504c42698dc67f194c', '59.172.155.206', 1450329276, _binary 0x5F5F63695F6C6173745F726567656E65726174657C693A313435303332393237363B),
	('d6ee0afec3239cd3f420a2b6b8a0f5e6f3d0f8b5', '59.172.155.206', 1450329309, _binary 0x5F5F63695F6C6173745F726567656E65726174657C693A313435303332393330393B),
	('4d350a57628342d86f073b729114d6987a95c233', '59.172.155.206', 1450329309, _binary 0x5F5F63695F6C6173745F726567656E65726174657C693A313435303332393330393B),
	('d2f7d965ee2c2c30d40dc4db091dc702f9d80741', '113.57.183.0', 1450337369, _binary 0x5F5F63695F6C6173745F726567656E65726174657C693A313435303333363231323B6C617A795F757365727C693A3134363B),
	('19f66ce59200ca7f952bfe842baa31b17c221a04', '113.57.183.0', 1450337444, _binary 0x5F5F63695F6C6173745F726567656E65726174657C693A313435303333373339323B6C617A795F757365727C693A3134363B),
	('076812ea882c80121ed72eacabbf84b53893471b', '183.60.35.94', 1450337411, _binary 0x5F5F63695F6C6173745F726567656E65726174657C693A313435303333373431313B),
	('ddbe6c7dcf569a881bb828c5647cab389b905916', '59.172.155.206', 1450354276, _binary 0x5F5F63695F6C6173745F726567656E65726174657C693A313435303335343237363B6C617A795F757365727C693A3134373B),
	('d12b49dbae90dcfc8f40ce678ff05925ff16bf82', '59.172.155.206', 1450358669, _binary 0x5F5F63695F6C6173745F726567656E65726174657C693A313435303335383636393B),
	('489528063019a666b7a17a742c05c22a18d0fc54', '59.172.155.206', 1450358669, _binary 0x5F5F63695F6C6173745F726567656E65726174657C693A313435303335383636393B),
	('cc982d619dc4e6c91d60f8e36a58f697a2c0e9a7', '59.172.155.206', 1450358674, _binary 0x5F5F63695F6C6173745F726567656E65726174657C693A313435303335383637343B),
	('7106c800af8ed90ba2b4045c0becc2a112aacb7b', '59.172.155.206', 1450358674, _binary 0x5F5F63695F6C6173745F726567656E65726174657C693A313435303335383637343B),
	('b204f88bf9f367c737b859d33ee735856eabfb20', '59.172.155.214', 1450367152, _binary ''),
	('de896b3bdccbf7d83fdf88f371bf546865385e58', '59.172.155.214', 1450367152, _binary ''),
	('e6ed457fffaaa60c8cd18d64549569befbf2f6f8', '180.153.4.19', 1450396278, _binary 0x5F5F63695F6C6173745F726567656E65726174657C693A313435303339363237383B6C617A795F757365727C693A3134383B),
	('a4e7c3e6e80beb38d3a0985b54163595a1792823', '112.90.78.25', 1450396278, _binary 0x5F5F63695F6C6173745F726567656E65726174657C693A313435303339363237383B6C617A795F757365727C693A3134393B),
	('8d89b33198edc581c98e0dce28d9562433559d89', '125.85.235.214', 1450396279, _binary 0x5F5F63695F6C6173745F726567656E65726174657C693A313435303339363237393B6C617A795F757365727C693A3135303B),
	('8de5e9a07f34f5a62ce378cbb376f14f1ae3b543', '59.172.155.201', 1450407765, _binary ''),
	('1afcfb9e5ab1bf751f31f7e69bf8131c26033a2c', '59.172.155.201', 1450407765, _binary ''),
	('a9d56e3e298fe3c4e350b1b406917af247c48bf4', '113.57.247.59', 1450410677, _binary 0x5F5F63695F6C6173745F726567656E65726174657C693A313435303431303637373B6C617A795F757365727C693A3135313B),
	('e715f9eb6278a452e76dc8e4198ba5dbc0ed37c2', '59.172.155.201', 1450446007, _binary ''),
	('7c73d308c149bdce753bf12873bc5ac440354503', '59.172.155.201', 1450446007, _binary ''),
	('54ccee76bf90c43ca9184d01f3bd53d4d0b893d9', '59.172.155.201', 1450450208, _binary ''),
	('3bbe315445a3976b9556da28a26f80ecb64e1c3d', '59.172.155.201', 1450450208, _binary ''),
	('f87c9a77bb329f00d944e0b0496c6b46083acd5e', '59.172.155.201', 1450450370, _binary ''),
	('78d60ad71cef255874477d8192ce627adff6a040', '59.172.155.201', 1450450370, _binary ''),
	('c569cc12aa138dacc30d2d7ec21440753a32940a', '59.172.155.201', 1450451037, _binary ''),
	('1d148aaca797ad798af351ed1d8aaf9249c629f9', '59.172.155.201', 1450454113, _binary 0x5F5F63695F6C6173745F726567656E65726174657C693A313435303435313937353B66726565736974655F7573657249647C733A313A2231223B66726565736974655F6D61696C7C733A31363A223839313539393339364071712E636F6D223B),
	('2a87f0cb6f6bef4f0ddb152fce15254db2d9f5fb', '59.172.155.201', 1450452183, _binary 0x5F5F63695F6C6173745F726567656E65726174657C693A313435303435323138333B),
	('dcbd02c9f5ed2192bdaea1f67e84f51bfe762961', '59.172.155.201', 1450452183, _binary 0x5F5F63695F6C6173745F726567656E65726174657C693A313435303435323138333B),
	('9eb57d9f4b91dcfc7b2c01bcb3bf6c0e68f75b32', '59.172.155.201', 1450452188, _binary 0x5F5F63695F6C6173745F726567656E65726174657C693A313435303435323138383B),
	('8ad66d69bae6b2c17fb1fc5a88c0284c8886b3ac', '59.172.155.201', 1450452188, _binary 0x5F5F63695F6C6173745F726567656E65726174657C693A313435303435323138383B),
	('975eff684defc6669fbed081bca4f1ffc542115a', '59.172.155.201', 1450452191, _binary 0x5F5F63695F6C6173745F726567656E65726174657C693A313435303435323139313B),
	('58078347d9e943886ac2df9f8c3deb79dc14884a', '59.172.155.201', 1450452191, _binary 0x5F5F63695F6C6173745F726567656E65726174657C693A313435303435323139313B),
	('37e4e06e947afe2cb9f28d8673df4e1770831f3e', '59.172.155.201', 1450453941, _binary ''),
	('384fea0fb3805406a1ddb0ef0ddcbce8b5c5f4d1', '59.172.155.201', 1450453992, _binary 0x5F5F63695F6C6173745F726567656E65726174657C693A313435303435333939323B),
	('a088eb1a097b281c946223a15124df9a8abe3c06', '220.181.165.7', 1450464556, _binary ''),
	('5672e0533ba9863616f6fd5a3b395a18d4f86ea1', '220.181.165.11', 1450464556, _binary ''),
	('ef25e7d0d7118547ec2ebc69f66ac75187627adb', '59.172.155.201', 1450493868, _binary 0x5F5F63695F6C6173745F726567656E65726174657C693A313435303439333835373B6C617A795F757365727C693A3135323B),
	('bdf23d9dbaaa58a4f238072848d85bef7de503e7', '112.90.11.79', 1450493868, _binary 0x5F5F63695F6C6173745F726567656E65726174657C693A313435303439333836383B),
	('2626dc9596805b370943f8552c09d6704aa7b2d5', '59.172.155.201', 1450496160, _binary 0x5F5F63695F6C6173745F726567656E65726174657C693A313435303439363133373B66726565736974655F7573657249647C733A313A2231223B66726565736974655F6D61696C7C733A31363A223839313539393339364071712E636F6D223B),
	('2e4cfb0fd4ad856c12402bb80b3c73fe73a4872f', '59.172.155.201', 1450496106, _binary ''),
	('995c1391cc9ee09ee1d7651d763a3fa8ec357171', '59.172.155.201', 1450499132, _binary 0x5F5F63695F6C6173745F726567656E65726174657C693A313435303439393131303B66726565736974655F7573657249647C733A313A2231223B66726565736974655F6D61696C7C733A31363A223839313539393339364071712E636F6D223B),
	('f9561ecbf5a6b1c1cbd34355670432660af8b9fe', '59.172.155.201', 1450499072, _binary ''),
	('26719757b186010621a1206e7844a25a878a4698', '59.172.155.201', 1450499996, _binary ''),
	('fc47131c55ed9af033ac203c0d553f8f4c3610f2', '59.172.155.201', 1450499996, _binary ''),
	('d078b010b2f3fc930a7dae2cd07b5beb23d51931', '59.172.155.201', 1450500039, _binary ''),
	('534c224ca793313a2d7ab2d7c4e256b624673179', '59.172.155.201', 1450500039, _binary ''),
	('735889534d6d8d1d8c9bd2294197e392d8152e89', '59.172.155.201', 1450500056, _binary ''),
	('9a10aa453139e8e476fffb603c77e6b34983561b', '59.172.155.201', 1450500056, _binary ''),
	('d19f1c26c3992b9f8ea1cc6aa8c245ffda89dbef', '59.172.155.201', 1450500588, _binary ''),
	('63a2edf762706782f4bb1c94104b7387e7471fc1', '59.172.155.201', 1450500588, _binary ''),
	('092b2f6417125257bd5c22baef3d0f26ce0e4f91', '59.172.155.201', 1450500675, _binary ''),
	('553f6ff8eb62ca9fb06e5eb7881424db5dcfaf43', '59.172.155.201', 1450500675, _binary ''),
	('703f7e99ebcee5ebc09216b558b50cc576c67e4e', '59.172.155.201', 1450500794, _binary ''),
	('d308edd8d21947045c3278397ee2dd878fe9be87', '59.172.155.201', 1450500794, _binary ''),
	('9fffb9bce486d4562b57a985810a8e1974bd7ffb', '59.172.155.201', 1450500958, _binary 0x5F5F63695F6C6173745F726567656E65726174657C693A313435303530303934313B66726565736974655F7573657249647C733A313A2231223B66726565736974655F6D61696C7C733A31363A223839313539393339364071712E636F6D223B),
	('581b117253402946e82e120ed416fb72b628b2a8', '59.172.155.201', 1450500934, _binary ''),
	('cee1cf6a9beef6b7a17dd23ec68f39376ee0b373', '59.172.155.201', 1450501064, _binary ''),
	('b396665d7c39e1fbc17735e9bda69ffef9235a30', '59.172.155.201', 1450501233, _binary 0x5F5F63695F6C6173745F726567656E65726174657C693A313435303530313038373B66726565736974655F7573657249647C733A313A2231223B66726565736974655F6D61696C7C733A31363A223839313539393339364071712E636F6D223B),
	('ea1ec75acd03dd07293353931850ff7e7b5b46b9', '59.172.155.201', 1450501747, _binary 0x5F5F63695F6C6173745F726567656E65726174657C693A313435303530313639393B66726565736974655F7573657249647C733A313A2231223B66726565736974655F6D61696C7C733A31363A223839313539393339364071712E636F6D223B),
	('5e2f73fdf8c49060133d4c48498de219a3b2bf4d', '59.172.155.201', 1450501700, _binary ''),
	('e82fd992cc6a2960b191b5e38743f4a105524261', '59.172.155.201', 1450501812, _binary 0x5F5F63695F6C6173745F726567656E65726174657C693A313435303530313737373B),
	('273184d4569219ea5e12b457074161907197c96e', '59.172.155.201', 1450501933, _binary ''),
	('c0e7afb6c652bab66ce21a86ebb10a1a73886152', '59.172.155.201', 1450502076, _binary 0x5F5F63695F6C6173745F726567656E65726174657C693A313435303530313933383B),
	('228b56cf923cedd09a88a364e4db7a59563bee75', '59.172.155.201', 1450502164, _binary 0x5F5F63695F6C6173745F726567656E65726174657C693A313435303530323135343B),
	('ef6c983ed2726348f879fbbc3510e2536e66d36c', '59.172.155.201', 1450503194, _binary ''),
	('c8c22490b369b7cc98b15a66fc9f9bb27f21b7f2', '59.172.155.201', 1450503194, _binary ''),
	('724e6cdae1f0a5b64d80f5dc57cb3a2b391f452e', '59.172.155.201', 1450503286, _binary ''),
	('dd2098b654d55cfd59b410b7c6c4899721a32205', '59.172.155.201', 1450503286, _binary ''),
	('656d6db441491e39296bcd9fd512da5ef861e8c8', '59.172.155.201', 1450503627, _binary ''),
	('851797d2b207f40a6ec3e97ef5fba0afafef284e', '59.172.155.201', 1450503627, _binary ''),
	('4ac95299ee1ee45f74bfe3a0364f22b9329274ef', '59.172.155.201', 1450503695, _binary 0x5F5F63695F6C6173745F726567656E65726174657C693A313435303530333639333B),
	('e2fcaff49dfec6a6a59530000640682cb85ca98e', '59.172.155.201', 1450503848, _binary 0x5F5F63695F6C6173745F726567656E65726174657C693A313435303530333834303B),
	('f70ade8834454c0aa5bce0b150073417c84b1764', '59.172.155.201', 1450504248, _binary 0x5F5F63695F6C6173745F726567656E65726174657C693A313435303530343233323B),
	('76cdc7bf087bc4902e9c06cbc60bc9d4e7204fbe', '59.172.155.201', 1450504450, _binary 0x5F5F63695F6C6173745F726567656E65726174657C693A313435303530343331363B),
	('b8e5c16be8bdfdfa86a4eb194c7262c9a841438b', '59.172.155.201', 1450504689, _binary ''),
	('29f27ed6390676843b2167b997f5eb75920670ca', '59.172.155.201', 1450504820, _binary 0x5F5F63695F6C6173745F726567656E65726174657C693A313435303530343730313B66726565736974655F7573657249647C733A313A2231223B66726565736974655F6D61696C7C733A31363A223839313539393339364071712E636F6D223B),
	('cb1ed6d623759ec09ab4c2e082093ef42cc34f7a', '59.172.155.201', 1450504916, _binary 0x5F5F63695F6C6173745F726567656E65726174657C693A313435303530343839323B66726565736974655F7573657249647C733A313A2231223B66726565736974655F6D61696C7C733A31363A223839313539393339364071712E636F6D223B),
	('37296d03b5b4b5d9c57f4acdc04eed295118dc01', '59.172.155.201', 1450505047, _binary 0x5F5F63695F6C6173745F726567656E65726174657C693A313435303530353030393B66726565736974655F7573657249647C733A313A2231223B66726565736974655F6D61696C7C733A31363A223839313539393339364071712E636F6D223B),
	('dbd7e1792684722c926b2cf609ff2bcd61a51088', '59.172.155.201', 1450505347, _binary 0x5F5F63695F6C6173745F726567656E65726174657C693A313435303530353334343B),
	('919d7d1f6dbcb412e26302cd27f3c85f52d55b17', '59.172.155.201', 1450505565, _binary 0x5F5F63695F6C6173745F726567656E65726174657C693A313435303530353536303B),
	('00ec8d54c003c7f726bcdc7ff3a5f29810db1e23', '59.172.155.201', 1450505603, _binary ''),
	('3e1baf9e3affb3d46fd56f7b40e0fed574d5ad79', '59.172.155.201', 1450505603, _binary ''),
	('cdf745e9f131f5cc5beefd704f5ca7d417206bda', '59.172.155.201', 1450505692, _binary 0x5F5F63695F6C6173745F726567656E65726174657C693A313435303530353638393B),
	('f6c8f5c5742c1a33e5d3b3fa0be0ffff2c08d008', '59.172.155.201', 1450506537, _binary 0x5F5F63695F6C6173745F726567656E65726174657C693A313435303530363530373B),
	('1f36878b1e60dfe3dd22a9d9f8beccd0332a70b4', '59.172.155.201', 1450506760, _binary 0x5F5F63695F6C6173745F726567656E65726174657C693A313435303530363735383B),
	('03b95dcf8dba9282efefd568cf930a4a97eb320c', '59.172.155.201', 1450506751, _binary ''),
	('257684ecf8a7a2e843e55fc6cd54d54dcdc3b9ba', '59.172.155.201', 1450507582, _binary 0x5F5F63695F6C6173745F726567656E65726174657C693A313435303530373534363B66726565736974655F7573657249647C733A313A2231223B66726565736974655F6D61696C7C733A31363A223839313539393339364071712E636F6D223B),
	('b7fb34f0ae3a293d4b7be38baeb626207bb5abf4', '59.172.155.201', 1450507542, _binary ''),
	('646a4adbbe958f087160bbc72f2bef9afc1e1801', '59.172.155.201', 1450507803, _binary 0x5F5F63695F6C6173745F726567656E65726174657C693A313435303530373736383B66726565736974655F7573657249647C733A313A2231223B66726565736974655F6D61696C7C733A31363A223839313539393339364071712E636F6D223B),
	('270b7802f2823b76efd65bef51f55bd5eb27ab56', '59.172.155.201', 1450508290, _binary 0x5F5F63695F6C6173745F726567656E65726174657C693A313435303530383239303B66726565736974655F7573657249647C733A313A2231223B66726565736974655F6D61696C7C733A31363A223839313539393339364071712E636F6D223B),
	('c47e65767ea2d3d25d5ceecb5952a55f5a7cc2d2', '59.172.155.201', 1450511274, _binary 0x5F5F63695F6C6173745F726567656E65726174657C693A313435303531313232363B),
	('4202ef8db6c9fcdca7abad9f659d9148c434fe3c', '59.172.155.201', 1450511218, _binary ''),
	('d0a5efe726a3f672be733d4110fde8821ba85b64', '59.172.155.201', 1450512806, _binary 0x5F5F63695F6C6173745F726567656E65726174657C693A313435303531313836353B66726565736974655F7573657249647C733A313A2231223B66726565736974655F6D61696C7C733A31363A223839313539393339364071712E636F6D223B),
	('9f906c45e5f77ea76a6e09d7cac1cf4b8e6ddef4', '59.175.42.145', 1450512023, _binary ''),
	('cbb34a3def97a58dc65ff2e2128e2371383ebece', '59.175.42.145', 1450512159, _binary 0x5F5F63695F6C6173745F726567656E65726174657C693A313435303531323032383B66726565736974655F7573657249647C733A313A2231223B66726565736974655F6D61696C7C733A31363A223839313539393339364071712E636F6D223B),
	('37e29cfaac6f3acf57a7c2be4842a75fd52ad624', '59.172.155.201', 1450512816, _binary 0x5F5F63695F6C6173745F726567656E65726174657C693A313435303531323831363B66726565736974655F7573657249647C733A313A2231223B66726565736974655F6D61696C7C733A31363A223839313539393339364071712E636F6D223B),
	('2b6940337e536dbb55a6b809fd6932b33ce46d3e', '59.172.155.201', 1450524199, _binary ''),
	('70348ecd30666046e4bc046c98b5ff9be533d205', '59.172.155.201', 1450526921, _binary 0x5F5F63695F6C6173745F726567656E65726174657C693A313435303532343236393B),
	('e235ed5ca58ba02f034041063680cf99f8fcdcba', '59.172.155.201', 1450524831, _binary 0x5F5F63695F6C6173745F726567656E65726174657C693A313435303532343739373B66726565736974655F7573657249647C733A313A2231223B66726565736974655F6D61696C7C733A31363A223839313539393339364071712E636F6D223B),
	('827a81e07b15163eb0a345e7112c8c9215c04e50', '59.172.155.201', 1450525268, _binary 0x5F5F63695F6C6173745F726567656E65726174657C693A313435303532353235393B66726565736974655F7573657249647C733A313A2231223B66726565736974655F6D61696C7C733A31363A223839313539393339364071712E636F6D223B),
	('400348c8009da80c36315f85f517e34d31b86b63', '59.172.155.201', 1450536752, _binary 0x5F5F63695F6C6173745F726567656E65726174657C693A313435303532373038313B),
	('6678e4839a7e677758cfad59a8be77092b9c0577', '59.172.155.201', 1450530601, _binary ''),
	('e744306e55e5d4cacbeed5b99a6d07c67ad5063e', '59.172.155.201', 1450530655, _binary 0x5F5F63695F6C6173745F726567656E65726174657C693A313435303533303633373B66726565736974655F7573657249647C733A313A2231223B66726565736974655F6D61696C7C733A31363A223839313539393339364071712E636F6D223B),
	('df4c097ed0d9502a333a955f82958b599860b7bb', '220.181.165.193', 1450550752, _binary ''),
	('e269bdcb7293ce868c1947f1598c9eaf384dfb79', '220.181.165.195', 1450550752, _binary ''),
	('47efcd76c676a1a783759bf57d59ea0fd2e16cfc', '183.224.95.166', 1450582785, _binary 0x5F5F63695F6C6173745F726567656E65726174657C693A313435303538323738353B),
	('f2225a860a06fd86a912392a7d1911fb122657bd', '59.172.155.201', 1450584146, _binary 0x5F5F63695F6C6173745F726567656E65726174657C693A313435303538343132313B66726565736974655F7573657249647C733A313A2231223B66726565736974655F6D61696C7C733A31363A223839313539393339364071712E636F6D223B),
	('ab2cf0e3a031dbec56b5e7b5b525ad7553f6b5b1', '59.172.155.201', 1450584117, _binary ''),
	('d8107caf9ca971a133590cecc36597453eb30577', '59.172.155.201', 1450584310, _binary ''),
	('a9409dd2a5b676d84d23cdee2f92f02a0f8fc210', '59.172.155.201', 1450587393, _binary ''),
	('e7c8dec7d2a3b4f73d92b8eeae8b7f4e2da36276', '59.172.155.201', 1450594811, _binary ''),
	('3e885ca0c488528aa8aa075c328d084e755fa2da', '59.172.155.201', 1450602835, _binary 0x5F5F63695F6C6173745F726567656E65726174657C693A313435303630323833353B),
	('053b354a6b13f51ff42b5111076cc33d5e17f02e', '59.172.155.201', 1450602423, _binary 0x5F5F63695F6C6173745F726567656E65726174657C693A313435303630323432333B),
	('e96e7ddf365befee3c378ec0ebeeb42d742784a5', '59.172.155.201', 1450602451, _binary 0x5F5F63695F6C6173745F726567656E65726174657C693A313435303630323435313B),
	('29a0ed3bf8c63608e1a680234b38228721fe64c4', '59.172.155.201', 1450602492, _binary 0x5F5F63695F6C6173745F726567656E65726174657C693A313435303630323439323B),
	('04a7774d5bb1f975294d2acbcc5cde25d23b4fe6', '59.172.155.201', 1450602622, _binary 0x5F5F63695F6C6173745F726567656E65726174657C693A313435303630323632323B),
	('ea7f8e912e7cb9437691c7747b86cc79e4d3cc93', '59.172.155.201', 1450604326, _binary 0x5F5F63695F6C6173745F726567656E65726174657C693A313435303630343331313B66726565736974655F7573657249647C733A313A2231223B66726565736974655F6D61696C7C733A31363A223839313539393339364071712E636F6D223B),
	('76e78544bb45faed1a90b58eb8aebd22e7bc6424', '59.172.155.201', 1450604936, _binary 0x5F5F63695F6C6173745F726567656E65726174657C693A313435303630343637353B66726565736974655F7573657249647C733A313A2231223B66726565736974655F6D61696C7C733A31363A223839313539393339364071712E636F6D223B),
	('bfdec1dbc93fdab7c90d83625f9b0f61074dd063', '59.172.155.201', 1450605177, _binary 0x5F5F63695F6C6173745F726567656E65726174657C693A313435303630343938343B66726565736974655F7573657249647C733A313A2231223B66726565736974655F6D61696C7C733A31363A223839313539393339364071712E636F6D223B),
	('1d77dea1e6cacfbc62b584379c9120286a82394b', '59.172.155.201', 1450606610, _binary 0x5F5F63695F6C6173745F726567656E65726174657C693A313435303630363533333B66726565736974655F7573657249647C733A313A2231223B66726565736974655F6D61696C7C733A31363A223839313539393339364071712E636F6D223B),
	('3f6a59081a701c57894ef121dcd79ac85cd1b37c', '59.172.155.201', 1450607226, _binary 0x5F5F63695F6C6173745F726567656E65726174657C693A313435303630363932373B66726565736974655F7573657249647C733A313A2231223B66726565736974655F6D61696C7C733A31363A223839313539393339364071712E636F6D223B),
	('37941717c1f6a49855156c4ff90d7a7b3cded995', '59.172.155.201', 1450607418, _binary 0x5F5F63695F6C6173745F726567656E65726174657C693A313435303630373233323B66726565736974655F7573657249647C733A313A2231223B66726565736974655F6D61696C7C733A31363A223839313539393339364071712E636F6D223B),
	('f6b75b619ff4c68a4b1a0a7a232259fe937391f3', '59.172.155.201', 1450607921, _binary 0x5F5F63695F6C6173745F726567656E65726174657C693A313435303630373632313B66726565736974655F7573657249647C733A313A2231223B66726565736974655F6D61696C7C733A31363A223839313539393339364071712E636F6D223B),
	('8c48ae294b96eddedec0cd1ba53cd2b30f5da35e', '59.172.155.201', 1450608113, _binary 0x5F5F63695F6C6173745F726567656E65726174657C693A313435303630373933393B66726565736974655F7573657249647C733A313A2231223B66726565736974655F6D61696C7C733A31363A223839313539393339364071712E636F6D223B),
	('1bbc6c113e2846fb42f06c7bd53fe1b69c2cb4f3', '59.172.155.201', 1450608979, _binary 0x5F5F63695F6C6173745F726567656E65726174657C693A313435303630383638393B66726565736974655F7573657249647C733A313A2231223B66726565736974655F6D61696C7C733A31363A223839313539393339364071712E636F6D223B),
	('5c3bea5cefb72968d1ec4d4255b2ff373f9d926b', '59.172.155.201', 1450609227, _binary 0x5F5F63695F6C6173745F726567656E65726174657C693A313435303630393030323B66726565736974655F7573657249647C733A313A2231223B66726565736974655F6D61696C7C733A31363A223839313539393339364071712E636F6D223B),
	('884c67f9150386c1e8f18794a98a332a6c41c8d8', '59.172.155.201', 1450609569, _binary 0x5F5F63695F6C6173745F726567656E65726174657C693A313435303630393438353B66726565736974655F7573657249647C733A313A2231223B66726565736974655F6D61696C7C733A31363A223839313539393339364071712E636F6D223B),
	('4987e138dc12559b510334c1eac971e689f30519', '59.172.155.201', 1450610293, _binary 0x5F5F63695F6C6173745F726567656E65726174657C693A313435303631303033333B66726565736974655F7573657249647C733A313A2231223B66726565736974655F6D61696C7C733A31363A223839313539393339364071712E636F6D223B),
	('3041b24f08954867323b2a5c463414ca89f4fc66', '59.172.155.201', 1450610946, _binary 0x5F5F63695F6C6173745F726567656E65726174657C693A313435303631303634363B66726565736974655F7573657249647C733A313A2231223B66726565736974655F6D61696C7C733A31363A223839313539393339364071712E636F6D223B),
	('407f68ca37d62a3bdcc788e137618d027c092ef5', '59.172.155.201', 1450610978, _binary 0x5F5F63695F6C6173745F726567656E65726174657C693A313435303631303937383B66726565736974655F7573657249647C733A313A2231223B66726565736974655F6D61696C7C733A31363A223839313539393339364071712E636F6D223B),
	('0277d8a7d89907bdfd45095078ae14ec2e64f11e', '59.172.155.201', 1450611237, _binary 0x5F5F63695F6C6173745F726567656E65726174657C693A313435303631303937393B66726565736974655F7573657249647C733A313A2231223B66726565736974655F6D61696C7C733A31363A223839313539393339364071712E636F6D223B),
	('3377135a754be26a228c1ee73040f204bc960436', '59.172.155.201', 1450611310, _binary 0x5F5F63695F6C6173745F726567656E65726174657C693A313435303631313331303B66726565736974655F7573657249647C733A313A2231223B66726565736974655F6D61696C7C733A31363A223839313539393339364071712E636F6D223B),
	('b36a5157a7f8383d64e3ccdccf9dcd3f02d9bc97', '59.172.155.201', 1450611428, _binary 0x5F5F63695F6C6173745F726567656E65726174657C693A313435303631313331303B66726565736974655F7573657249647C733A313A2231223B66726565736974655F6D61696C7C733A31363A223839313539393339364071712E636F6D223B),
	('33c9cb171cb9a72ef05223ca6b6a90d93db9a18c', '59.172.155.201', 1450611632, _binary 0x5F5F63695F6C6173745F726567656E65726174657C693A313435303631313633323B66726565736974655F7573657249647C733A313A2231223B66726565736974655F6D61696C7C733A31363A223839313539393339364071712E636F6D223B),
	('d1c5772e8432817cdbb56c04bf74296e0629c80c', '59.172.155.201', 1450611632, _binary 0x5F5F63695F6C6173745F726567656E65726174657C693A313435303631313633323B66726565736974655F7573657249647C733A313A2231223B66726565736974655F6D61696C7C733A31363A223839313539393339364071712E636F6D223B),
	('19edfd77951138670c8a5349bfe825b7c90bcb3a', '59.172.155.201', 1450613255, _binary 0x5F5F63695F6C6173745F726567656E65726174657C693A313435303631333235353B66726565736974655F7573657249647C733A313A2231223B66726565736974655F6D61696C7C733A31363A223839313539393339364071712E636F6D223B),
	('c158edfee48d479101092ed017cb93e57568eacd', '59.172.155.201', 1450613255, _binary 0x5F5F63695F6C6173745F726567656E65726174657C693A313435303631333235353B66726565736974655F7573657249647C733A313A2231223B66726565736974655F6D61696C7C733A31363A223839313539393339364071712E636F6D223B),
	('5e3b8e768455472f969cca4ed1df2fa6bc898cab', '59.172.155.201', 1450614329, _binary 0x5F5F63695F6C6173745F726567656E65726174657C693A313435303631343039363B66726565736974655F7573657249647C733A313A2231223B66726565736974655F6D61696C7C733A31363A223839313539393339364071712E636F6D223B),
	('13724e5f7ee13e2483e11478910dcf6334d54e63', '59.172.155.201', 1450614693, _binary 0x5F5F63695F6C6173745F726567656E65726174657C693A313435303631343433333B66726565736974655F7573657249647C733A313A2231223B66726565736974655F6D61696C7C733A31363A223839313539393339364071712E636F6D223B),
	('7142cb1f75c8c4d8b68f1223e186bf7fece6f0d7', '59.172.155.201', 1450615035, _binary 0x5F5F63695F6C6173745F726567656E65726174657C693A313435303631343733373B66726565736974655F7573657249647C733A313A2231223B66726565736974655F6D61696C7C733A31363A223839313539393339364071712E636F6D223B),
	('468166ae7cac70080bfefde2032bf885db7036f1', '59.172.155.201', 1450617457, _binary 0x5F5F63695F6C6173745F726567656E65726174657C693A313435303631373135373B66726565736974655F7573657249647C733A313A2231223B66726565736974655F6D61696C7C733A31363A223839313539393339364071712E636F6D223B),
	('d757274b94641d31eed9a4a0dffc45a2111aa481', '59.172.155.201', 1450617742, _binary 0x5F5F63695F6C6173745F726567656E65726174657C693A313435303631373436383B66726565736974655F7573657249647C733A313A2231223B66726565736974655F6D61696C7C733A31363A223839313539393339364071712E636F6D223B),
	('8c9ae0ff49923dffa014d823c1bfd726bd9ca45c', '59.172.155.201', 1450618057, _binary 0x5F5F63695F6C6173745F726567656E65726174657C693A313435303631373737303B66726565736974655F7573657249647C733A313A2231223B66726565736974655F6D61696C7C733A31363A223839313539393339364071712E636F6D223B),
	('1e14d8f9f6d0c6829786ad2148f1d921ad601fc0', '59.172.155.201', 1450618372, _binary 0x5F5F63695F6C6173745F726567656E65726174657C693A313435303631383037323B66726565736974655F7573657249647C733A313A2231223B66726565736974655F6D61696C7C733A31363A223839313539393339364071712E636F6D223B),
	('f9de28f7373b89d562c5f3b38ff36a3b050421b0', '59.172.155.201', 1450618735, _binary 0x5F5F63695F6C6173745F726567656E65726174657C693A313435303631383437303B66726565736974655F7573657249647C733A313A2231223B66726565736974655F6D61696C7C733A31363A223839313539393339364071712E636F6D223B),
	('68ed64b454588319893528ccc54f80d2f8173b4f', '59.172.155.201', 1450618820, _binary 0x5F5F63695F6C6173745F726567656E65726174657C693A313435303631383737393B66726565736974655F7573657249647C733A313A2231223B66726565736974655F6D61696C7C733A31363A223839313539393339364071712E636F6D223B),
	('6ebeede6c1eef37f580c3132d499eaac34bb0f40', '59.172.155.201', 1450619301, _binary 0x5F5F63695F6C6173745F726567656E65726174657C693A313435303631393133393B66726565736974655F7573657249647C733A313A2231223B66726565736974655F6D61696C7C733A31363A223839313539393339364071712E636F6D223B),
	('ec2cb72ed317b3d3bd576815c910c916cc3f306d', '59.172.155.201', 1450619974, _binary 0x5F5F63695F6C6173745F726567656E65726174657C693A313435303631393937343B66726565736974655F7573657249647C733A313A2231223B66726565736974655F6D61696C7C733A31363A223839313539393339364071712E636F6D223B),
	('f67da6b87c7139563c3b624d9d578c8b01a03b3d', '59.172.155.201', 1450620575, _binary 0x5F5F63695F6C6173745F726567656E65726174657C693A313435303632303337343B66726565736974655F7573657249647C733A313A2231223B66726565736974655F6D61696C7C733A31363A223839313539393339364071712E636F6D223B),
	('cec0524afc5f3a49c4e6d2060c897cb63e3717dd', '59.172.155.201', 1450623657, _binary 0x5F5F63695F6C6173745F726567656E65726174657C693A313435303632303838383B66726565736974655F7573657249647C733A313A2231223B66726565736974655F6D61696C7C733A31363A223839313539393339364071712E636F6D223B),
	('5118c1c8f893e8f911cbab760d62725935263b5b', '59.172.155.202', 1450622546, _binary ''),
	('5f0138c04094db1b42d1d68ea67dcfb0054dd12b', '59.172.155.202', 1450622579, _binary 0x5F5F63695F6C6173745F726567656E65726174657C693A313435303632323535313B66726565736974655F7573657249647C733A313A2231223B66726565736974655F6D61696C7C733A31363A223839313539393339364071712E636F6D223B),
	('a4b6c3b9a3f8f7399668dec9d90925017da4b023', '59.172.155.202', 1450622713, _binary ''),
	('0873aa7e3254b0452822f5d047918535eb64dd23', '59.172.155.202', 1450622713, _binary ''),
	('e0ed25b7309fa633de19ad9794d40d5faac2d0c9', '59.172.155.202', 1450622737, _binary ''),
	('06dd26329db415eb32daaed012e1464de6e44773', '59.172.155.202', 1450623578, _binary 0x5F5F63695F6C6173745F726567656E65726174657C693A313435303632323734313B66726565736974655F7573657249647C733A313A2231223B66726565736974655F6D61696C7C733A31363A223839313539393339364071712E636F6D223B),
	('f96b2f63b72bbbc9d47f60fc935d9396d667e57d', '59.172.155.202', 1450623614, _binary 0x5F5F63695F6C6173745F726567656E65726174657C693A313435303632333630393B66726565736974655F7573657249647C733A313A2231223B66726565736974655F6D61696C7C733A31363A223839313539393339364071712E636F6D223B);
/*!40000 ALTER TABLE `ci_sessions` ENABLE KEYS */;


-- 导出  表 daohang.deleted 结构
CREATE TABLE IF NOT EXISTS `deleted` (
  `deletedId` int(100) NOT NULL AUTO_INCREMENT COMMENT '被删链接唯一标识',
  `linksId` int(100) NOT NULL COMMENT '链接在原表中的Id',
  `userId` int(11) NOT NULL COMMENT '用户唯一标识',
  `partId` int(20) NOT NULL COMMENT '模块',
  `pic` varchar(400) COLLATE utf8_unicode_ci NOT NULL COMMENT '链接图标',
  `name` varchar(200) COLLATE utf8_unicode_ci NOT NULL COMMENT '链接名称',
  `links` varchar(400) COLLATE utf8_unicode_ci NOT NULL COMMENT '链接',
  `lastTime` varchar(20) COLLATE utf8_unicode_ci NOT NULL COMMENT '链接最后更新时间',
  `deleteTime` timestamp NOT NULL DEFAULT CURRENT_TIMESTAMP COMMENT '删除时间',
  PRIMARY KEY (`deletedId`)
) ENGINE=InnoDB DEFAULT CHARSET=utf8 COLLATE=utf8_unicode_ci COMMENT='记录删除的链接';

-- 正在导出表  daohang.deleted 的数据：~0 rows (大约)
DELETE FROM `deleted`;
/*!40000 ALTER TABLE `deleted` DISABLE KEYS */;
/*!40000 ALTER TABLE `deleted` ENABLE KEYS */;


-- 导出  表 daohang.friends 结构
CREATE TABLE IF NOT EXISTS `friends` (
  `friendsId` int(40) NOT NULL AUTO_INCREMENT COMMENT '好友唯一标识',
  `userId` int(11) NOT NULL COMMENT '自己的ID',
  `friends` int(11) NOT NULL COMMENT '好友的Id',
  `lastTime` timestamp NOT NULL DEFAULT CURRENT_TIMESTAMP COMMENT '添加的时间',
  PRIMARY KEY (`friendsId`)
) ENGINE=InnoDB DEFAULT CHARSET=utf8 COLLATE=utf8_unicode_ci COMMENT='记录好友关系的表';

-- 正在导出表  daohang.friends 的数据：~0 rows (大约)
DELETE FROM `friends`;
/*!40000 ALTER TABLE `friends` DISABLE KEYS */;
/*!40000 ALTER TABLE `friends` ENABLE KEYS */;


-- 导出  表 daohang.lazy_list 结构
CREATE TABLE IF NOT EXISTS `lazy_list` (
  `Id` int(11) NOT NULL AUTO_INCREMENT,
  `user` int(11) NOT NULL DEFAULT '0',
  `fromId` int(11) NOT NULL COMMENT '来源，由哪一个id分享而来',
  `seconds` int(11) NOT NULL COMMENT '按屏的秒数',
  `action` tinyint(1) NOT NULL DEFAULT '0',
  `times` timestamp NOT NULL DEFAULT CURRENT_TIMESTAMP COMMENT '记录生成时间',
  `ip` varchar(20) COLLATE utf8_unicode_ci NOT NULL COMMENT '用户ip',
  PRIMARY KEY (`Id`)
) ENGINE=InnoDB AUTO_INCREMENT=281 DEFAULT CHARSET=utf8 COLLATE=utf8_unicode_ci COMMENT='存储用户参加及分享记录';

-- 正在导出表  daohang.lazy_list 的数据：~280 rows (大约)
DELETE FROM `lazy_list`;
/*!40000 ALTER TABLE `lazy_list` DISABLE KEYS */;
INSERT INTO `lazy_list` (`Id`, `user`, `fromId`, `seconds`, `action`, `times`, `ip`) VALUES
	(1, 1, 0, 2034, 0, '2015-12-12 10:40:55', '61.183.112.248'),
	(2, 1, 0, 770, 0, '2015-12-12 10:41:33', '61.183.112.248'),
	(3, 1, 0, 40, 0, '2015-12-12 10:42:36', '61.183.112.248'),
	(4, 1, 0, 743, 0, '2015-12-12 10:42:40', '61.183.112.248'),
	(5, 1, 0, 3482, 0, '2015-12-12 10:42:45', '61.183.112.248'),
	(6, 1, 0, 31, 0, '2015-12-12 10:42:48', '61.183.112.248'),
	(7, 1, 0, 1217, 0, '2015-12-12 10:44:15', '61.183.112.248'),
	(8, 1, 0, 149, 0, '2015-12-12 10:44:17', '61.183.112.248'),
	(9, 1, 0, 36, 0, '2015-12-12 10:44:18', '61.183.112.248'),
	(10, 1, 0, 26, 0, '2015-12-12 10:44:19', '61.183.112.248'),
	(11, 1, 0, 244, 0, '2015-12-12 10:44:27', '61.183.112.248'),
	(12, 1, 0, 1179, 0, '2015-12-12 10:44:42', '61.183.112.248'),
	(13, 1, 0, 23196, 0, '2015-12-12 10:45:09', '61.183.112.248'),
	(14, 1, 0, 699, 0, '2015-12-12 10:45:18', '61.183.112.248'),
	(15, 1, 0, 284, 0, '2015-12-12 10:45:22', '61.183.112.248'),
	(16, 1, 0, 820, 0, '2015-12-12 10:45:26', '61.183.112.248'),
	(17, 1, 0, 1212, 0, '2015-12-12 10:45:31', '61.183.112.248'),
	(18, 1, 0, 42981, 0, '2015-12-12 10:46:17', '61.183.112.248'),
	(19, 1, 0, 175, 0, '2015-12-12 10:46:31', '61.183.112.248'),
	(20, 1, 0, 2640, 0, '2015-12-12 10:46:43', '61.183.112.248'),
	(21, 1, 0, 40, 1, '2015-12-12 10:46:49', '61.183.112.248'),
	(22, 1, 0, 320, 0, '2015-12-12 10:46:53', '61.183.112.248'),
	(23, 1, 0, 12980, 0, '2015-12-12 10:47:09', '61.183.112.248'),
	(24, 1, 0, 439, 0, '2015-12-12 10:47:19', '61.183.112.248'),
	(25, 1, 0, 73, 0, '2015-12-12 10:47:28', '61.183.112.248'),
	(26, 1, 0, 1143, 0, '2015-12-12 10:47:33', '61.183.112.248'),
	(27, 1, 0, 93, 0, '2015-12-12 10:47:36', '61.183.112.248'),
	(28, 1, 0, 13203, 0, '2015-12-12 10:47:52', '61.183.112.248'),
	(29, 1, 0, 8495, 0, '2015-12-12 10:48:05', '61.183.112.248'),
	(30, 1, 0, 466302, 0, '2015-12-12 10:55:59', '61.183.112.248'),
	(31, 3, 0, 20016, 0, '2015-12-12 14:49:22', '61.183.112.248'),
	(32, 3, 0, 20291, 0, '2015-12-12 14:50:01', '61.183.112.248'),
	(33, 3, 0, 11849, 0, '2015-12-12 14:50:44', '61.183.112.248'),
	(34, 3, 0, 598, 0, '2015-12-12 14:50:47', '61.183.112.248'),
	(35, 3, 0, 1030, 0, '2015-12-12 14:50:51', '61.183.112.248'),
	(36, 3, 0, 408, 0, '2015-12-12 14:50:53', '61.183.112.248'),
	(37, 3, 0, 3314, 0, '2015-12-12 14:50:59', '61.183.112.248'),
	(38, 3, 0, 29662, 0, '2015-12-12 14:51:34', '61.183.112.248'),
	(39, 3, 0, 35, 1, '2015-12-12 15:03:00', '61.183.112.248'),
	(40, 3, 0, 50, 1, '2015-12-12 15:03:15', '61.183.112.248'),
	(41, 3, 0, 16, 1, '2015-12-12 15:04:17', '61.183.112.248'),
	(42, 3, 0, 27, 1, '2015-12-12 15:06:21', '61.183.112.248'),
	(43, 3, 0, 3605, 0, '2015-12-12 15:06:38', '61.183.112.248'),
	(44, 3, 0, 2940, 1, '2015-12-12 15:06:42', '61.183.112.248'),
	(45, 3, 0, 985, 1, '2015-12-12 15:08:35', '61.183.112.248'),
	(46, 3, 0, 32, 1, '2015-12-12 15:10:07', '61.183.112.248'),
	(47, 3, 0, 2790, 1, '2015-12-12 15:11:53', '61.183.112.248'),
	(48, 3, 0, 629, 0, '2015-12-12 15:14:14', '61.183.112.248'),
	(49, 3, 0, 2264, 1, '2015-12-12 15:14:20', '61.183.112.248'),
	(50, 6, 0, 154, 0, '2015-12-12 15:14:27', '59.172.155.200'),
	(51, 6, 0, 252, 0, '2015-12-12 15:14:32', '59.172.155.200'),
	(52, 6, 0, 122, 0, '2015-12-12 15:14:36', '59.172.155.200'),
	(53, 6, 0, 1118, 0, '2015-12-12 15:14:41', '59.172.155.200'),
	(54, 6, 0, 225, 0, '2015-12-12 15:14:43', '59.172.155.200'),
	(55, 6, 0, 22824, 0, '2015-12-12 15:15:09', '59.172.155.200'),
	(56, 6, 0, 135, 0, '2015-12-12 15:21:02', '59.172.155.200'),
	(57, 6, 0, 450, 0, '2015-12-12 15:21:05', '59.172.155.200'),
	(58, 6, 0, 161, 0, '2015-12-12 15:21:07', '59.172.155.200'),
	(59, 6, 0, 940, 0, '2015-12-12 15:21:09', '59.172.155.200'),
	(60, 6, 0, 253, 0, '2015-12-12 15:21:14', '59.172.155.200'),
	(61, 6, 0, 102, 0, '2015-12-12 15:21:16', '59.172.155.200'),
	(62, 6, 0, 95, 0, '2015-12-12 15:21:18', '59.172.155.200'),
	(63, 6, 0, 61, 0, '2015-12-12 15:21:19', '59.172.155.200'),
	(64, 6, 0, 2035, 0, '2015-12-12 15:21:23', '59.172.155.200'),
	(65, 6, 0, 177, 0, '2015-12-12 15:21:26', '59.172.155.200'),
	(66, 6, 0, 11056, 0, '2015-12-12 15:25:00', '59.172.155.200'),
	(67, 9, 0, 1748, 0, '2015-12-12 16:11:33', '61.183.112.248'),
	(68, 9, 0, 2316, 1, '2015-12-12 16:11:40', '61.183.112.248'),
	(69, 3, 0, 53, 0, '2015-12-12 16:51:42', '61.183.112.248'),
	(70, 3, 0, 74, 0, '2015-12-12 16:52:10', '61.183.112.248'),
	(71, 3, 0, 740758, 0, '2015-12-12 17:04:34', '61.183.112.248'),
	(72, 3, 0, 33, 0, '2015-12-12 17:06:19', '61.183.112.248'),
	(73, 10, 0, 354, 0, '2015-12-12 17:22:35', '223.104.25.80'),
	(74, 3, 0, 16, 0, '2015-12-12 17:22:42', '61.183.112.248'),
	(75, 10, 0, 31568, 0, '2015-12-12 17:23:09', '223.104.25.80'),
	(76, 12, 0, 40, 0, '2015-12-12 18:07:26', '123.146.98.118'),
	(77, 12, 0, 243, 0, '2015-12-12 18:07:29', '123.146.98.118'),
	(78, 12, 0, 72, 0, '2015-12-12 18:07:31', '123.146.98.118'),
	(79, 12, 0, 394, 0, '2015-12-12 18:07:33', '123.146.98.118'),
	(80, 12, 0, 157, 0, '2015-12-12 18:07:42', '123.146.98.118'),
	(81, 12, 0, 26, 0, '2015-12-12 18:07:43', '123.146.98.118'),
	(82, 12, 0, 5618, 0, '2015-12-12 18:07:50', '123.146.98.118'),
	(83, 3, 0, 61, 0, '2015-12-12 18:11:08', '113.57.246.229'),
	(84, 16, 0, 1093, 0, '2015-12-12 19:37:17', '183.228.188.243'),
	(85, 16, 0, 865, 0, '2015-12-12 19:37:23', '183.228.188.243'),
	(86, 16, 0, 1250, 0, '2015-12-12 19:37:29', '183.228.188.243'),
	(87, 16, 0, 1800, 0, '2015-12-12 19:37:37', '183.228.188.243'),
	(88, 16, 0, 184389, 0, '2015-12-12 19:40:44', '183.228.188.243'),
	(89, 17, 0, 10, 0, '2015-12-12 20:01:35', '125.85.235.238'),
	(90, 17, 0, 76, 0, '2015-12-12 20:01:39', '125.85.235.238'),
	(91, 17, 0, 203, 1, '2015-12-12 20:01:42', '125.85.235.238'),
	(92, 17, 0, 93, 0, '2015-12-12 20:02:17', '125.85.235.238'),
	(93, 15, 0, 47, 0, '2015-12-12 20:11:30', '183.70.253.120'),
	(94, 15, 0, 64, 0, '2015-12-12 20:11:35', '183.70.253.120'),
	(95, 18, 0, 384262, 0, '2015-12-12 20:58:50', '223.104.25.80'),
	(96, 18, 0, 268933, 0, '2015-12-12 21:03:25', '223.104.25.80'),
	(97, 22, 11, 61, 0, '2015-12-12 21:24:18', '58.19.2.39'),
	(98, 24, 0, 4531, 0, '2015-12-12 21:29:22', '61.183.112.248'),
	(99, 25, 11, 207, 0, '2015-12-12 21:35:38', '58.19.2.219'),
	(100, 26, 0, 79244, 1, '2015-12-12 22:21:01', '61.183.112.248'),
	(101, 30, 26, 26, 0, '2015-12-12 22:25:27', '223.104.18.189'),
	(102, 30, 26, 11, 0, '2015-12-12 22:25:30', '223.104.18.189'),
	(103, 30, 26, 58, 0, '2015-12-12 22:25:31', '223.104.18.189'),
	(104, 30, 26, 77, 0, '2015-12-12 22:25:34', '223.104.18.189'),
	(105, 30, 26, 43, 0, '2015-12-12 22:25:51', '223.104.18.189'),
	(106, 30, 26, 43, 0, '2015-12-12 22:26:00', '223.104.18.189'),
	(107, 30, 26, 364, 0, '2015-12-12 22:26:02', '223.104.18.189'),
	(108, 30, 26, 28, 0, '2015-12-12 22:26:06', '223.104.18.189'),
	(109, 30, 26, 111, 0, '2015-12-12 22:26:09', '223.104.18.189'),
	(110, 30, 26, 42, 0, '2015-12-12 22:26:10', '223.104.18.189'),
	(111, 30, 26, 61, 0, '2015-12-12 22:26:19', '223.104.18.189'),
	(112, 35, 26, 10735, 0, '2015-12-12 22:36:26', '210.47.33.202'),
	(113, 33, 26, 13, 0, '2015-12-12 22:40:44', '14.104.33.57'),
	(114, 33, 26, 97, 0, '2015-12-12 22:40:59', '14.104.33.57'),
	(115, 33, 26, 13, 0, '2015-12-12 22:41:15', '14.104.33.57'),
	(116, 37, 26, 4, 0, '2015-12-12 22:42:00', '112.114.38.125'),
	(117, 37, 26, 57, 0, '2015-12-12 22:42:04', '112.114.38.125'),
	(118, 37, 26, 166, 0, '2015-12-12 22:42:12', '112.114.38.125'),
	(119, 37, 26, 22, 0, '2015-12-12 22:42:14', '112.114.38.125'),
	(120, 37, 26, 23, 0, '2015-12-12 22:42:15', '112.114.38.125'),
	(121, 37, 26, 12, 0, '2015-12-12 22:42:17', '112.114.38.125'),
	(122, 37, 26, 47, 0, '2015-12-12 22:42:19', '112.114.38.125'),
	(123, 37, 26, 21, 0, '2015-12-12 22:42:21', '112.114.38.125'),
	(124, 37, 26, 20, 0, '2015-12-12 22:42:22', '112.114.38.125'),
	(125, 37, 26, 18, 0, '2015-12-12 22:42:24', '112.114.38.125'),
	(126, 37, 26, 21, 0, '2015-12-12 22:42:28', '112.114.38.125'),
	(127, 37, 26, 33, 0, '2015-12-12 22:42:30', '112.114.38.125'),
	(128, 37, 26, 18, 0, '2015-12-12 22:42:32', '112.114.38.125'),
	(129, 37, 26, 58, 0, '2015-12-12 22:42:34', '112.114.38.125'),
	(130, 42, 26, 66, 0, '2015-12-12 22:42:35', '113.57.182.55'),
	(131, 42, 26, 3453, 0, '2015-12-12 22:42:45', '113.57.182.55'),
	(132, 42, 26, 396, 0, '2015-12-12 22:42:48', '113.57.182.55'),
	(133, 37, 26, 15, 0, '2015-12-12 22:42:53', '112.114.38.125'),
	(134, 37, 26, 22, 0, '2015-12-12 22:42:58', '112.114.38.125'),
	(135, 37, 26, 14, 0, '2015-12-12 22:43:00', '112.114.38.125'),
	(136, 37, 26, 15, 0, '2015-12-12 22:43:03', '112.114.38.125'),
	(137, 37, 26, 73, 0, '2015-12-12 22:43:05', '112.114.38.125'),
	(138, 47, 26, 21907, 0, '2015-12-12 22:48:13', '223.104.20.65'),
	(139, 47, 26, 3456, 0, '2015-12-12 22:48:23', '223.104.20.65'),
	(140, 47, 26, 35733, 0, '2015-12-12 22:49:00', '223.104.20.65'),
	(141, 33, 26, 80, 0, '2015-12-12 22:50:23', '14.104.33.57'),
	(142, 33, 26, 28, 0, '2015-12-12 22:50:41', '14.104.33.57'),
	(143, 56, 26, 86, 0, '2015-12-12 23:05:38', '223.104.20.100'),
	(144, 56, 26, 20, 0, '2015-12-12 23:05:44', '223.104.20.100'),
	(145, 56, 26, 25, 0, '2015-12-12 23:05:44', '223.104.20.100'),
	(146, 56, 26, 24, 0, '2015-12-12 23:05:45', '223.104.20.100'),
	(147, 56, 26, 18, 0, '2015-12-12 23:05:48', '223.104.20.100'),
	(148, 56, 26, 12, 0, '2015-12-12 23:05:50', '223.104.20.100'),
	(149, 56, 26, 80, 0, '2015-12-12 23:05:51', '223.104.20.100'),
	(150, 56, 26, 12, 0, '2015-12-12 23:05:53', '223.104.20.100'),
	(151, 62, 26, 1763, 0, '2015-12-12 23:14:35', '220.249.99.172'),
	(152, 66, 26, 8959, 0, '2015-12-12 23:48:25', '113.204.170.2'),
	(153, 66, 26, 28384, 0, '2015-12-12 23:48:59', '113.204.170.2'),
	(154, 73, 26, 3661, 0, '2015-12-12 23:53:36', '58.19.2.40'),
	(155, 73, 26, 661, 0, '2015-12-12 23:53:42', '58.19.2.40'),
	(156, 73, 26, 9603, 0, '2015-12-12 23:53:55', '58.19.2.40'),
	(157, 75, 26, 120, 0, '2015-12-13 00:09:31', '117.136.30.71'),
	(158, 75, 26, 435, 0, '2015-12-13 00:09:35', '117.136.30.71'),
	(159, 75, 26, 19289, 0, '2015-12-13 00:09:58', '117.136.30.71'),
	(160, 76, 26, 59, 0, '2015-12-13 00:11:32', '119.103.177.211'),
	(161, 76, 26, 61, 0, '2015-12-13 00:11:42', '119.103.177.211'),
	(162, 76, 26, 62, 0, '2015-12-13 00:11:46', '119.103.177.211'),
	(163, 76, 26, 10, 0, '2015-12-13 00:11:56', '119.103.177.211'),
	(164, 76, 26, 64, 0, '2015-12-13 00:11:58', '119.103.177.211'),
	(165, 78, 26, 4373, 0, '2015-12-13 00:13:05', '183.150.5.58'),
	(166, 78, 26, 17980, 0, '2015-12-13 00:13:26', '183.150.5.58'),
	(167, 78, 26, 24, 0, '2015-12-13 00:13:30', '183.150.5.58'),
	(168, 81, 26, 82, 0, '2015-12-13 00:42:00', '220.249.99.143'),
	(169, 81, 26, 63, 0, '2015-12-13 00:42:08', '220.249.99.143'),
	(170, 81, 26, 64, 0, '2015-12-13 00:42:14', '220.249.99.143'),
	(171, 81, 26, 163, 0, '2015-12-13 00:42:17', '220.249.99.143'),
	(172, 81, 26, 148, 0, '2015-12-13 00:42:24', '220.249.99.143'),
	(173, 61, 26, 1300, 0, '2015-12-13 00:44:08', '123.147.246.140'),
	(174, 81, 26, 178, 0, '2015-12-13 00:44:28', '220.249.99.143'),
	(175, 61, 26, 23422, 0, '2015-12-13 00:44:35', '123.147.246.140'),
	(176, 87, 26, 9543, 0, '2015-12-13 03:44:21', '58.19.2.39'),
	(177, 87, 26, 1549, 0, '2015-12-13 03:44:27', '58.19.2.39'),
	(178, 87, 26, 2729, 0, '2015-12-13 03:44:46', '58.19.2.39'),
	(179, 87, 26, 48, 0, '2015-12-13 03:44:47', '58.19.2.39'),
	(180, 87, 26, 6013, 0, '2015-12-13 03:45:06', '58.19.2.39'),
	(181, 87, 26, 1064, 0, '2015-12-13 03:45:17', '58.19.2.39'),
	(182, 87, 26, 1413, 0, '2015-12-13 03:45:20', '58.19.2.39'),
	(183, 87, 26, 5030, 0, '2015-12-13 03:45:27', '58.19.2.39'),
	(184, 87, 26, 22547, 0, '2015-12-13 03:45:53', '58.19.2.39'),
	(185, 89, 26, 247, 0, '2015-12-13 08:29:20', '14.144.129.82'),
	(186, 89, 26, 11, 0, '2015-12-13 08:29:31', '14.144.129.82'),
	(187, 89, 26, 10, 0, '2015-12-13 08:29:38', '14.144.129.82'),
	(188, 89, 26, 28, 0, '2015-12-13 08:29:39', '14.144.129.82'),
	(189, 91, 26, 38, 0, '2015-12-13 10:07:39', '223.104.4.240'),
	(190, 91, 26, 56, 0, '2015-12-13 10:07:43', '223.104.4.240'),
	(191, 91, 26, 47, 0, '2015-12-13 10:07:44', '223.104.4.240'),
	(192, 91, 26, 59, 0, '2015-12-13 10:07:46', '223.104.4.240'),
	(193, 91, 26, 240, 0, '2015-12-13 10:07:50', '223.104.4.240'),
	(194, 91, 26, 43, 0, '2015-12-13 10:07:52', '223.104.4.240'),
	(195, 91, 26, 42, 0, '2015-12-13 10:07:53', '223.104.4.240'),
	(196, 91, 26, 78, 0, '2015-12-13 10:07:58', '223.104.4.240'),
	(197, 93, 26, 539, 0, '2015-12-13 12:56:17', '112.114.38.125'),
	(198, 93, 26, 72, 0, '2015-12-13 12:56:20', '112.114.38.125'),
	(199, 93, 26, 56, 0, '2015-12-13 12:56:21', '112.114.38.125'),
	(200, 93, 26, 70, 0, '2015-12-13 12:56:23', '112.114.38.125'),
	(201, 93, 26, 388, 0, '2015-12-13 12:56:25', '112.114.38.125'),
	(202, 93, 26, 91, 0, '2015-12-13 12:56:26', '112.114.38.125'),
	(203, 93, 26, 982, 0, '2015-12-13 12:56:30', '112.114.38.125'),
	(204, 93, 26, 73, 0, '2015-12-13 12:56:31', '112.114.38.125'),
	(205, 96, 26, 1551, 0, '2015-12-13 16:12:54', '223.104.33.102'),
	(206, 99, 26, 10, 0, '2015-12-13 19:50:14', '59.174.120.45'),
	(207, 99, 26, 22, 0, '2015-12-13 19:50:20', '59.174.120.45'),
	(208, 99, 26, 22, 0, '2015-12-13 19:50:24', '59.174.120.45'),
	(209, 99, 26, 63, 0, '2015-12-13 19:50:26', '59.174.120.45'),
	(210, 99, 26, 68, 0, '2015-12-13 19:50:28', '59.174.120.45'),
	(211, 99, 26, 21, 0, '2015-12-13 19:50:30', '59.174.120.45'),
	(212, 99, 26, 21, 0, '2015-12-13 19:50:33', '59.174.120.45'),
	(213, 99, 26, 10, 0, '2015-12-13 19:50:35', '59.174.120.45'),
	(214, 99, 26, 155, 0, '2015-12-13 19:50:40', '59.174.120.45'),
	(215, 99, 26, 165, 0, '2015-12-13 19:50:43', '59.174.120.45'),
	(216, 99, 26, 16, 0, '2015-12-13 19:50:45', '59.174.120.45'),
	(217, 99, 26, 16, 0, '2015-12-13 19:50:47', '59.174.120.45'),
	(218, 99, 26, 21, 0, '2015-12-13 19:50:48', '59.174.120.45'),
	(219, 99, 26, 98, 0, '2015-12-13 19:50:50', '59.174.120.45'),
	(220, 99, 26, 189, 0, '2015-12-13 19:50:52', '59.174.120.45'),
	(221, 99, 26, 22, 0, '2015-12-13 19:50:53', '59.174.120.45'),
	(222, 99, 26, 16, 0, '2015-12-13 19:50:55', '59.174.120.45'),
	(223, 99, 26, 11, 0, '2015-12-13 19:53:06', '59.174.120.45'),
	(224, 100, 26, 9, 0, '2015-12-13 19:53:20', '59.174.120.45'),
	(225, 100, 26, 17, 0, '2015-12-13 19:53:24', '59.174.120.45'),
	(226, 100, 26, 73, 0, '2015-12-13 19:53:26', '59.174.120.45'),
	(227, 100, 26, 20, 0, '2015-12-13 19:53:27', '59.174.120.45'),
	(228, 100, 26, 15, 0, '2015-12-13 19:53:29', '59.174.120.45'),
	(229, 100, 26, 115, 0, '2015-12-13 19:53:31', '59.174.120.45'),
	(230, 101, 26, 2485, 0, '2015-12-13 19:54:44', '59.174.120.45'),
	(231, 101, 26, 17976, 0, '2015-12-13 19:55:09', '59.174.120.45'),
	(232, 103, 26, 131, 0, '2015-12-13 22:34:05', '171.82.238.191'),
	(233, 103, 26, 214, 0, '2015-12-13 22:34:08', '171.82.238.191'),
	(234, 110, 26, 30, 0, '2015-12-14 11:07:03', '219.139.226.146'),
	(235, 110, 26, 297, 0, '2015-12-14 11:07:07', '219.139.226.146'),
	(236, 110, 26, 131, 0, '2015-12-14 11:07:33', '219.139.226.146'),
	(237, 110, 26, 178, 0, '2015-12-14 11:07:51', '219.139.226.146'),
	(238, 110, 26, 12, 0, '2015-12-14 11:07:55', '219.139.226.146'),
	(239, 112, 26, 2081, 0, '2015-12-14 11:09:12', '219.139.226.146'),
	(240, 112, 26, 378, 0, '2015-12-14 11:09:15', '219.139.226.146'),
	(241, 112, 26, 10062, 0, '2015-12-14 11:09:27', '219.139.226.146'),
	(242, 112, 26, 163, 0, '2015-12-14 11:09:39', '219.139.226.146'),
	(243, 112, 26, 762, 0, '2015-12-14 11:09:41', '219.139.226.146'),
	(244, 112, 26, 2345, 0, '2015-12-14 11:09:44', '219.139.226.146'),
	(245, 112, 26, 2329, 0, '2015-12-14 11:09:48', '219.139.226.146'),
	(246, 119, 0, 549, 0, '2015-12-14 22:49:27', '223.104.248.3'),
	(247, 119, 0, 32794, 0, '2015-12-14 22:50:04', '223.104.248.3'),
	(248, 119, 0, 153, 0, '2015-12-14 22:50:11', '223.104.248.3'),
	(249, 119, 0, 2818, 0, '2015-12-14 22:50:17', '223.104.248.3'),
	(250, 122, 0, 3273, 0, '2015-12-15 00:14:00', '171.209.19.242'),
	(251, 122, 0, 14781, 0, '2015-12-15 00:14:18', '171.209.19.242'),
	(252, 129, 0, 42, 0, '2015-12-15 01:05:13', '222.140.179.122'),
	(253, 129, 0, 756, 0, '2015-12-15 01:05:21', '222.140.179.122'),
	(254, 129, 0, 387, 0, '2015-12-15 01:05:28', '222.140.179.122'),
	(255, 131, 0, 10, 0, '2015-12-15 07:30:50', '106.84.20.217'),
	(256, 134, 0, 147, 0, '2015-12-15 10:50:06', '123.146.234.138'),
	(257, 137, 0, 195, 0, '2015-12-15 12:54:57', '117.135.212.96'),
	(258, 137, 0, 8682, 0, '2015-12-15 12:55:11', '117.135.212.96'),
	(259, 137, 0, 115, 0, '2015-12-15 12:55:15', '117.135.212.96'),
	(260, 137, 0, 865, 0, '2015-12-15 12:55:18', '117.135.212.96'),
	(261, 137, 0, 19999, 0, '2015-12-15 12:55:40', '117.135.212.96'),
	(262, 137, 0, 34784, 0, '2015-12-15 12:56:18', '117.135.212.96'),
	(263, 137, 0, 1199, 0, '2015-12-15 12:56:23', '117.135.212.96'),
	(264, 137, 0, 1681, 0, '2015-12-15 12:56:26', '117.135.212.96'),
	(265, 137, 0, 12999, 0, '2015-12-15 12:56:41', '117.135.212.96'),
	(266, 137, 0, 465, 0, '2015-12-15 12:56:44', '117.135.212.96'),
	(267, 137, 0, 764, 0, '2015-12-15 12:56:47', '117.135.212.96'),
	(268, 137, 0, 3266, 0, '2015-12-15 12:56:52', '117.135.212.96'),
	(269, 137, 0, 3199, 0, '2015-12-15 12:56:56', '117.135.212.96'),
	(270, 137, 0, 331, 0, '2015-12-15 12:56:59', '117.135.212.96'),
	(271, 137, 0, 348, 0, '2015-12-15 12:57:00', '117.135.212.96'),
	(272, 137, 0, 65, 0, '2015-12-15 12:57:02', '117.135.212.96'),
	(273, 137, 0, 115, 0, '2015-12-15 12:57:04', '117.135.212.96'),
	(274, 137, 0, 948, 0, '2015-12-15 12:57:06', '117.135.212.96'),
	(275, 137, 0, 932, 0, '2015-12-15 12:57:09', '117.135.212.96'),
	(276, 137, 0, 40768, 0, '2015-12-15 12:57:51', '117.135.212.96'),
	(277, 145, 0, 4821, 0, '2015-12-16 18:15:22', '27.11.3.87'),
	(278, 145, 0, 12, 0, '2015-12-16 18:15:29', '27.11.3.87'),
	(279, 145, 0, 23265, 0, '2015-12-16 18:15:56', '27.11.3.87'),
	(280, 146, 0, 1140291, 1, '2015-12-17 15:29:28', '113.57.183.0');
/*!40000 ALTER TABLE `lazy_list` ENABLE KEYS */;


-- 导出  表 daohang.lazy_log 结构
CREATE TABLE IF NOT EXISTS `lazy_log` (
  `Id` int(11) NOT NULL AUTO_INCREMENT,
  `user` int(11) NOT NULL DEFAULT '0',
  `times` timestamp NOT NULL DEFAULT CURRENT_TIMESTAMP,
  `fromId` int(11) NOT NULL,
  `ip` varchar(20) COLLATE utf8_unicode_ci NOT NULL,
  PRIMARY KEY (`Id`)
) ENGINE=InnoDB AUTO_INCREMENT=242 DEFAULT CHARSET=utf8 COLLATE=utf8_unicode_ci COMMENT='记录用户浏览量';

-- 正在导出表  daohang.lazy_log 的数据：~241 rows (大约)
DELETE FROM `lazy_log`;
/*!40000 ALTER TABLE `lazy_log` DISABLE KEYS */;
INSERT INTO `lazy_log` (`Id`, `user`, `times`, `fromId`, `ip`) VALUES
	(1, 1, '2015-12-12 10:40:41', 0, '61.183.112.248'),
	(2, 1, '2015-12-12 10:40:58', 0, '61.183.112.248'),
	(3, 1, '2015-12-12 10:41:35', 0, '61.183.112.248'),
	(4, 1, '2015-12-12 10:42:15', 0, '61.183.112.248'),
	(5, 1, '2015-12-12 10:42:56', 0, '61.183.112.248'),
	(6, 1, '2015-12-12 10:43:52', 0, '61.183.112.248'),
	(7, 1, '2015-12-12 10:44:21', 0, '61.183.112.248'),
	(8, 1, '2015-12-12 10:44:38', 0, '61.183.112.248'),
	(9, 2, '2015-12-12 14:48:46', 0, '183.60.70.29'),
	(10, 3, '2015-12-12 14:48:46', 0, '61.183.112.248'),
	(11, 3, '2015-12-12 14:53:10', 0, '61.183.112.248'),
	(12, 3, '2015-12-12 14:53:29', 0, '61.183.112.248'),
	(13, 3, '2015-12-12 15:02:42', 0, '61.183.112.248'),
	(14, 3, '2015-12-12 15:03:12', 0, '61.183.112.248'),
	(15, 3, '2015-12-12 15:04:14', 0, '61.183.112.248'),
	(16, 3, '2015-12-12 15:06:17', 0, '61.183.112.248'),
	(17, 3, '2015-12-12 15:06:30', 0, '61.183.112.248'),
	(18, 3, '2015-12-12 15:08:29', 0, '61.183.112.248'),
	(19, 3, '2015-12-12 15:10:01', 0, '61.183.112.248'),
	(20, 3, '2015-12-12 15:11:05', 0, '61.183.112.248'),
	(21, 4, '2015-12-12 15:11:28', 0, '180.153.81.183'),
	(22, 3, '2015-12-12 15:11:45', 0, '61.183.112.248'),
	(23, 3, '2015-12-12 15:12:41', 0, '61.183.112.248'),
	(24, 5, '2015-12-12 15:13:27', 0, '59.172.155.200'),
	(25, 3, '2015-12-12 15:14:10', 0, '61.183.112.248'),
	(26, 6, '2015-12-12 15:14:20', 0, '59.172.155.200'),
	(27, 6, '2015-12-12 15:20:57', 0, '59.172.155.200'),
	(28, 3, '2015-12-12 15:21:51', 0, '61.183.112.248'),
	(29, 7, '2015-12-12 15:25:15', 0, '180.153.160.78'),
	(30, 3, '2015-12-12 15:37:55', 0, '61.183.112.248'),
	(31, 3, '2015-12-12 15:38:42', 0, '61.183.112.248'),
	(32, 3, '2015-12-12 15:39:09', 0, '61.183.112.248'),
	(33, 3, '2015-12-12 15:41:50', 0, '61.183.112.248'),
	(34, 3, '2015-12-12 15:42:41', 0, '61.183.112.248'),
	(35, 3, '2015-12-12 15:44:12', 0, '61.183.112.248'),
	(36, 3, '2015-12-12 15:49:17', 0, '61.183.112.248'),
	(37, 3, '2015-12-12 15:49:34', 0, '61.183.112.248'),
	(38, 3, '2015-12-12 15:53:29', 0, '61.183.112.248'),
	(39, 3, '2015-12-12 15:54:06', 0, '61.183.112.248'),
	(40, 3, '2015-12-12 15:56:09', 0, '61.183.112.248'),
	(41, 3, '2015-12-12 16:00:04', 0, '61.183.112.248'),
	(42, 3, '2015-12-12 16:00:23', 0, '61.183.112.248'),
	(43, 3, '2015-12-12 16:00:33', 0, '61.183.112.248'),
	(44, 3, '2015-12-12 16:03:43', 0, '61.183.112.248'),
	(45, 3, '2015-12-12 16:04:00', 0, '61.183.112.248'),
	(46, 3, '2015-12-12 16:04:25', 0, '61.183.112.248'),
	(47, 3, '2015-12-12 16:05:06', 0, '61.183.112.248'),
	(48, 3, '2015-12-12 16:06:34', 0, '61.183.112.248'),
	(49, 3, '2015-12-12 16:07:09', 0, '61.183.112.248'),
	(50, 3, '2015-12-12 16:07:54', 0, '61.183.112.248'),
	(51, 8, '2015-12-12 16:09:46', 0, '61.183.112.248'),
	(52, 8, '2015-12-12 16:10:12', 0, '61.183.112.248'),
	(53, 3, '2015-12-12 16:10:41', 0, '61.183.112.248'),
	(54, 9, '2015-12-12 16:11:15', 0, '61.183.112.248'),
	(55, 3, '2015-12-12 16:16:38', 0, '61.183.112.248'),
	(56, 3, '2015-12-12 16:32:54', 0, '61.183.112.248'),
	(57, 3, '2015-12-12 16:39:17', 0, '61.183.112.248'),
	(58, 3, '2015-12-12 16:39:21', 0, '61.183.112.248'),
	(59, 3, '2015-12-12 16:39:24', 0, '61.183.112.248'),
	(60, 3, '2015-12-12 16:39:33', 0, '61.183.112.248'),
	(61, 3, '2015-12-12 16:41:27', 0, '61.183.112.248'),
	(62, 3, '2015-12-12 16:44:15', 0, '61.183.112.248'),
	(63, 3, '2015-12-12 16:49:50', 0, '61.183.112.248'),
	(64, 3, '2015-12-12 16:51:25', 0, '61.183.112.248'),
	(65, 3, '2015-12-12 17:04:46', 0, '61.183.112.248'),
	(66, 3, '2015-12-12 17:06:13', 0, '61.183.112.248'),
	(67, 3, '2015-12-12 17:09:50', 0, '61.183.112.248'),
	(68, 10, '2015-12-12 17:22:29', 0, '223.104.25.80'),
	(69, 3, '2015-12-12 17:22:55', 0, '61.183.112.248'),
	(70, 3, '2015-12-12 18:00:30', 0, '113.57.246.229'),
	(71, 3, '2015-12-12 18:01:16', 0, '113.57.246.229'),
	(72, 11, '2015-12-12 18:01:52', 0, '61.151.186.144'),
	(73, 3, '2015-12-12 18:02:03', 0, '113.57.246.229'),
	(74, 12, '2015-12-12 18:04:48', 0, '123.146.98.118'),
	(75, 13, '2015-12-12 18:06:00', 0, '119.147.207.158'),
	(76, 12, '2015-12-12 18:07:15', 0, '123.146.98.118'),
	(77, 14, '2015-12-12 18:10:56', 0, '180.153.4.19'),
	(78, 3, '2015-12-12 18:10:57', 0, '113.57.246.229'),
	(79, 15, '2015-12-12 19:16:16', 0, '183.70.253.120'),
	(80, 16, '2015-12-12 19:37:09', 0, '183.228.188.243'),
	(81, 17, '2015-12-12 20:01:22', 0, '125.85.235.238'),
	(82, 17, '2015-12-12 20:02:04', 0, '125.85.235.238'),
	(83, 15, '2015-12-12 20:11:04', 0, '183.70.253.120'),
	(84, 15, '2015-12-12 20:11:28', 0, '183.70.253.120'),
	(85, 18, '2015-12-12 20:52:18', 0, '223.104.25.80'),
	(86, 19, '2015-12-12 21:05:04', 0, '61.183.112.248'),
	(87, 20, '2015-12-12 21:23:24', 0, '61.183.112.248'),
	(88, 21, '2015-12-12 21:23:53', 11, '119.147.207.158'),
	(89, 22, '2015-12-12 21:24:00', 11, '58.19.2.39'),
	(90, 23, '2015-12-12 21:26:29', 11, '61.183.112.248'),
	(91, 24, '2015-12-12 21:28:35', 0, '61.183.112.248'),
	(92, 25, '2015-12-12 21:35:32', 11, '58.19.2.219'),
	(93, 26, '2015-12-12 22:19:32', 0, '61.183.112.248'),
	(94, 27, '2015-12-12 22:21:54', 26, '183.60.70.29'),
	(95, 28, '2015-12-12 22:21:54', 26, '119.147.207.158'),
	(96, 29, '2015-12-12 22:22:02', 26, '180.153.81.183'),
	(97, 30, '2015-12-12 22:25:19', 26, '223.104.18.189'),
	(98, 31, '2015-12-12 22:25:26', 26, '180.153.81.163'),
	(99, 32, '2015-12-12 22:29:23', 26, '119.147.207.158'),
	(100, 33, '2015-12-12 22:29:23', 26, '14.104.33.57'),
	(101, 34, '2015-12-12 22:34:23', 26, '101.226.64.175'),
	(102, 35, '2015-12-12 22:34:24', 26, '210.47.33.202'),
	(103, 36, '2015-12-12 22:36:21', 0, '61.183.112.248'),
	(104, 33, '2015-12-12 22:40:39', 26, '14.104.33.57'),
	(105, 37, '2015-12-12 22:41:48', 26, '112.114.38.125'),
	(106, 38, '2015-12-12 22:41:55', 26, '180.153.81.163'),
	(107, 39, '2015-12-12 22:42:17', 26, '180.153.4.19'),
	(108, 40, '2015-12-12 22:42:17', 26, '220.249.99.175'),
	(109, 41, '2015-12-12 22:42:21', 26, '117.136.30.166'),
	(110, 42, '2015-12-12 22:42:26', 26, '113.57.182.55'),
	(111, 43, '2015-12-12 22:42:32', 26, '180.153.81.183'),
	(112, 37, '2015-12-12 22:42:49', 26, '112.114.38.125'),
	(113, 44, '2015-12-12 22:42:54', 26, '180.153.81.163'),
	(114, 45, '2015-12-12 22:45:48', 26, '58.19.3.218'),
	(115, 46, '2015-12-12 22:45:49', 26, '112.64.235.254'),
	(116, 47, '2015-12-12 22:47:32', 26, '223.104.20.65'),
	(117, 48, '2015-12-12 22:50:17', 26, '119.147.207.158'),
	(118, 33, '2015-12-12 22:50:17', 26, '14.104.33.57'),
	(119, 49, '2015-12-12 22:50:42', 26, '119.147.207.158'),
	(120, 50, '2015-12-12 22:50:42', 26, '220.249.99.175'),
	(121, 33, '2015-12-12 22:51:45', 26, '14.104.33.57'),
	(122, 51, '2015-12-12 22:52:10', 26, '180.153.4.19'),
	(123, 52, '2015-12-12 22:52:11', 26, '125.82.145.18'),
	(124, 53, '2015-12-12 22:52:19', 26, '180.153.4.19'),
	(125, 33, '2015-12-12 22:52:20', 26, '14.104.33.57'),
	(126, 54, '2015-12-12 22:52:24', 26, '113.108.10.18'),
	(127, 52, '2015-12-12 22:52:51', 26, '125.82.145.18'),
	(128, 33, '2015-12-12 22:58:55', 26, '14.104.33.57'),
	(129, 55, '2015-12-12 22:59:11', 26, '111.13.93.38'),
	(130, 56, '2015-12-12 23:05:28', 26, '223.104.20.100'),
	(131, 57, '2015-12-12 23:05:34', 26, '180.153.81.183'),
	(132, 58, '2015-12-12 23:07:39', 26, '180.153.81.163'),
	(133, 59, '2015-12-12 23:10:11', 0, '61.183.112.248'),
	(134, 60, '2015-12-12 23:13:32', 26, '119.147.207.158'),
	(135, 61, '2015-12-12 23:13:33', 26, '123.147.246.171'),
	(136, 62, '2015-12-12 23:14:28', 26, '220.249.99.172'),
	(137, 63, '2015-12-12 23:14:35', 26, '180.153.81.163'),
	(138, 64, '2015-12-12 23:31:22', 26, '101.226.64.175'),
	(139, 65, '2015-12-12 23:31:23', 26, '61.183.112.248'),
	(140, 66, '2015-12-12 23:47:44', 26, '113.204.170.2'),
	(141, 66, '2015-12-12 23:48:04', 26, '113.204.170.2'),
	(142, 67, '2015-12-12 23:52:43', 26, '61.183.112.248'),
	(143, 68, '2015-12-12 23:52:45', 26, '113.108.10.18'),
	(144, 69, '2015-12-12 23:52:49', 26, '180.153.81.183'),
	(145, 70, '2015-12-12 23:52:52', 26, '180.153.4.19'),
	(146, 71, '2015-12-12 23:52:58', 26, '180.153.81.183'),
	(147, 72, '2015-12-12 23:53:23', 26, '113.105.95.122'),
	(148, 73, '2015-12-12 23:53:23', 26, '58.19.2.40'),
	(149, 74, '2015-12-13 00:09:21', 26, '180.153.4.19'),
	(150, 75, '2015-12-13 00:09:21', 26, '117.136.30.71'),
	(151, 76, '2015-12-13 00:11:23', 26, '119.103.177.211'),
	(152, 77, '2015-12-13 00:11:26', 26, '180.153.81.163'),
	(153, 78, '2015-12-13 00:12:52', 26, '183.150.5.58'),
	(154, 79, '2015-12-13 00:26:29', 0, '61.183.112.248'),
	(155, 80, '2015-12-13 00:41:38', 26, '101.226.64.175'),
	(156, 81, '2015-12-13 00:41:38', 26, '220.249.99.143'),
	(157, 61, '2015-12-13 00:44:03', 26, '123.147.246.140'),
	(158, 81, '2015-12-13 00:44:19', 26, '220.249.99.143'),
	(159, 82, '2015-12-13 00:44:33', 26, '113.108.10.18'),
	(160, 83, '2015-12-13 00:44:36', 26, '183.60.70.29'),
	(161, 84, '2015-12-13 00:44:36', 26, '180.153.81.163'),
	(162, 85, '2015-12-13 00:51:17', 0, '61.183.112.248'),
	(163, 86, '2015-12-13 03:43:50', 26, '58.19.2.39'),
	(164, 87, '2015-12-13 03:44:07', 26, '58.19.2.39'),
	(165, 88, '2015-12-13 08:29:09', 26, '180.153.4.19'),
	(166, 89, '2015-12-13 08:29:09', 26, '14.144.129.82'),
	(167, 90, '2015-12-13 09:15:34', 0, '61.183.112.248'),
	(168, 91, '2015-12-13 10:07:33', 26, '223.104.4.240'),
	(169, 92, '2015-12-13 10:35:06', 26, '61.183.112.248'),
	(170, 93, '2015-12-13 12:56:06', 26, '112.114.38.125'),
	(171, 94, '2015-12-13 12:56:11', 26, '180.153.81.163'),
	(172, 95, '2015-12-13 13:08:25', 26, '58.19.2.39'),
	(173, 96, '2015-12-13 16:12:45', 26, '223.104.33.102'),
	(174, 97, '2015-12-13 16:14:15', 0, '113.57.246.137'),
	(175, 97, '2015-12-13 16:14:23', 0, '113.57.246.137'),
	(176, 98, '2015-12-13 19:49:55', 26, '180.153.81.163'),
	(177, 99, '2015-12-13 19:49:55', 26, '59.174.120.45'),
	(178, 99, '2015-12-13 19:53:03', 26, '59.174.120.45'),
	(179, 100, '2015-12-13 19:53:16', 26, '59.174.120.45'),
	(180, 101, '2015-12-13 19:54:35', 26, '59.174.120.45'),
	(181, 102, '2015-12-13 21:50:24', 0, '61.183.112.248'),
	(182, 103, '2015-12-13 22:33:19', 26, '171.82.238.191'),
	(183, 103, '2015-12-13 22:33:55', 26, '171.82.238.191'),
	(184, 104, '2015-12-13 23:58:47', 0, '61.183.112.251'),
	(185, 105, '2015-12-14 00:18:39', 26, '180.153.4.19'),
	(186, 106, '2015-12-14 00:18:39', 26, '59.174.120.45'),
	(187, 107, '2015-12-14 00:31:36', 26, '58.19.3.5'),
	(188, 108, '2015-12-14 08:27:37', 26, '61.183.112.251'),
	(189, 109, '2015-12-14 08:27:37', 26, '180.153.81.183'),
	(190, 110, '2015-12-14 11:06:46', 26, '219.139.226.146'),
	(191, 110, '2015-12-14 11:08:23', 26, '219.139.226.146'),
	(192, 111, '2015-12-14 11:08:40', 26, '183.232.47.140'),
	(193, 112, '2015-12-14 11:09:05', 26, '219.139.226.146'),
	(194, 113, '2015-12-14 21:21:11', 0, '183.60.62.44'),
	(195, 114, '2015-12-14 21:21:12', 0, '59.172.155.200'),
	(196, 115, '2015-12-14 22:48:08', 0, '223.104.25.69'),
	(197, 116, '2015-12-14 22:48:08', 0, '180.153.81.163'),
	(198, 117, '2015-12-14 22:48:22', 0, '119.147.207.158'),
	(199, 118, '2015-12-14 22:49:19', 0, '180.153.81.183'),
	(200, 119, '2015-12-14 22:49:19', 0, '223.104.248.3'),
	(201, 120, '2015-12-14 22:55:10', 0, '59.172.155.210'),
	(202, 121, '2015-12-14 23:51:39', 0, '59.172.155.210'),
	(203, 122, '2015-12-15 00:13:46', 0, '171.209.19.242'),
	(204, 123, '2015-12-15 00:39:51', 0, '223.104.25.64'),
	(205, 123, '2015-12-15 00:41:48', 0, '223.104.25.64'),
	(206, 124, '2015-12-15 00:42:02', 0, '14.17.29.85'),
	(207, 125, '2015-12-15 00:42:03', 0, '180.153.163.190'),
	(208, 126, '2015-12-15 00:42:03', 0, '119.188.16.37'),
	(209, 123, '2015-12-15 00:42:05', 0, '223.104.25.64'),
	(210, 123, '2015-12-15 00:42:48', 0, '223.104.25.64'),
	(211, 123, '2015-12-15 00:43:03', 0, '223.104.25.64'),
	(212, 127, '2015-12-15 00:43:15', 0, '183.60.35.93'),
	(213, 123, '2015-12-15 00:43:24', 0, '223.104.25.64'),
	(214, 128, '2015-12-15 00:43:41', 0, '113.105.95.122'),
	(215, 129, '2015-12-15 01:05:00', 0, '222.140.179.122'),
	(216, 130, '2015-12-15 07:30:11', 0, '101.226.64.175'),
	(217, 131, '2015-12-15 07:30:11', 0, '106.84.20.217'),
	(218, 133, '2015-12-15 07:30:11', 0, '106.84.20.217'),
	(219, 132, '2015-12-15 07:30:11', 0, '180.153.81.163'),
	(220, 134, '2015-12-15 10:49:57', 0, '123.146.234.138'),
	(221, 135, '2015-12-15 10:50:11', 0, '183.60.1.241'),
	(222, 134, '2015-12-15 10:50:13', 0, '123.146.234.138'),
	(223, 136, '2015-12-15 10:51:00', 0, '183.60.62.44'),
	(224, 137, '2015-12-15 12:54:49', 0, '117.135.212.96'),
	(225, 138, '2015-12-15 23:04:53', 0, '59.172.155.199'),
	(226, 139, '2015-12-16 01:03:36', 0, '180.153.81.163'),
	(227, 140, '2015-12-16 01:35:15', 0, '183.228.190.84'),
	(228, 141, '2015-12-16 08:10:29', 0, '119.147.207.158'),
	(229, 142, '2015-12-16 08:10:30', 0, '113.200.85.102'),
	(230, 143, '2015-12-16 18:15:03', 0, '180.153.81.163'),
	(231, 144, '2015-12-16 18:15:03', 0, '14.17.34.189'),
	(232, 145, '2015-12-16 18:15:03', 0, '27.11.3.87'),
	(233, 146, '2015-12-17 15:10:12', 0, '113.57.183.0'),
	(234, 146, '2015-12-17 15:29:52', 0, '113.57.183.0'),
	(235, 146, '2015-12-17 15:30:44', 0, '113.57.183.0'),
	(236, 147, '2015-12-17 20:11:16', 0, '59.172.155.206'),
	(237, 148, '2015-12-18 07:51:18', 0, '180.153.4.19'),
	(238, 149, '2015-12-18 07:51:18', 0, '112.90.78.25'),
	(239, 150, '2015-12-18 07:51:19', 0, '125.85.235.214'),
	(240, 151, '2015-12-18 11:51:17', 0, '113.57.247.59'),
	(241, 152, '2015-12-19 10:57:37', 0, '59.172.155.201');
/*!40000 ALTER TABLE `lazy_log` ENABLE KEYS */;


-- 导出  表 daohang.lazy_message 结构
CREATE TABLE IF NOT EXISTS `lazy_message` (
  `Id` int(11) NOT NULL AUTO_INCREMENT,
  `user` int(11) NOT NULL DEFAULT '0',
  `message` varchar(200) COLLATE utf8_unicode_ci NOT NULL COMMENT '用户留言',
  `times` timestamp NOT NULL DEFAULT CURRENT_TIMESTAMP,
  `ip` varchar(20) COLLATE utf8_unicode_ci NOT NULL,
  PRIMARY KEY (`Id`)
) ENGINE=InnoDB AUTO_INCREMENT=4 DEFAULT CHARSET=utf8 COLLATE=utf8_unicode_ci COMMENT='记录用户评论';

-- 正在导出表  daohang.lazy_message 的数据：~3 rows (大约)
DELETE FROM `lazy_message`;
/*!40000 ALTER TABLE `lazy_message` DISABLE KEYS */;
INSERT INTO `lazy_message` (`Id`, `user`, `message`, `times`, `ip`) VALUES
	(1, 3, '我怎么就手抖了呢？我没抖啊', '2015-12-12 16:07:07', '61.183.112.248'),
	(2, 8, '呵呵，你也是够无聊', '2015-12-12 16:10:11', '61.183.112.248'),
	(3, 146, '右手按了一节课，我的内心是崩溃的。', '2015-12-17 15:30:42', '113.57.183.0');
/*!40000 ALTER TABLE `lazy_message` ENABLE KEYS */;


-- 导出  表 daohang.lazy_user 结构
CREATE TABLE IF NOT EXISTS `lazy_user` (
  `Id` int(11) NOT NULL AUTO_INCREMENT,
  PRIMARY KEY (`Id`)
) ENGINE=InnoDB AUTO_INCREMENT=153 DEFAULT CHARSET=utf8 COLLATE=utf8_unicode_ci COMMENT='用户表';

-- 正在导出表  daohang.lazy_user 的数据：~152 rows (大约)
DELETE FROM `lazy_user`;
/*!40000 ALTER TABLE `lazy_user` DISABLE KEYS */;
INSERT INTO `lazy_user` (`Id`) VALUES
	(1),
	(2),
	(3),
	(4),
	(5),
	(6),
	(7),
	(8),
	(9),
	(10),
	(11),
	(12),
	(13),
	(14),
	(15),
	(16),
	(17),
	(18),
	(19),
	(20),
	(21),
	(22),
	(23),
	(24),
	(25),
	(26),
	(27),
	(28),
	(29),
	(30),
	(31),
	(32),
	(33),
	(34),
	(35),
	(36),
	(37),
	(38),
	(39),
	(40),
	(41),
	(42),
	(43),
	(44),
	(45),
	(46),
	(47),
	(48),
	(49),
	(50),
	(51),
	(52),
	(53),
	(54),
	(55),
	(56),
	(57),
	(58),
	(59),
	(60),
	(61),
	(62),
	(63),
	(64),
	(65),
	(66),
	(67),
	(68),
	(69),
	(70),
	(71),
	(72),
	(73),
	(74),
	(75),
	(76),
	(77),
	(78),
	(79),
	(80),
	(81),
	(82),
	(83),
	(84),
	(85),
	(86),
	(87),
	(88),
	(89),
	(90),
	(91),
	(92),
	(93),
	(94),
	(95),
	(96),
	(97),
	(98),
	(99),
	(100),
	(101),
	(102),
	(103),
	(104),
	(105),
	(106),
	(107),
	(108),
	(109),
	(110),
	(111),
	(112),
	(113),
	(114),
	(115),
	(116),
	(117),
	(118),
	(119),
	(120),
	(121),
	(122),
	(123),
	(124),
	(125),
	(126),
	(127),
	(128),
	(129),
	(130),
	(131),
	(132),
	(133),
	(134),
	(135),
	(136),
	(137),
	(138),
	(139),
	(140),
	(141),
	(142),
	(143),
	(144),
	(145),
	(146),
	(147),
	(148),
	(149),
	(150),
	(151),
	(152);
/*!40000 ALTER TABLE `lazy_user` ENABLE KEYS */;


-- 导出  表 daohang.links 结构
CREATE TABLE IF NOT EXISTS `links` (
  `linksId` int(100) NOT NULL AUTO_INCREMENT,
  `userId` int(11) NOT NULL,
  `partId` int(20) NOT NULL COMMENT '模块的唯一标识',
  `sort` int(11) NOT NULL DEFAULT '-1',
  `pic` varchar(200) COLLATE utf8_unicode_ci NOT NULL,
  `name` varchar(100) COLLATE utf8_unicode_ci NOT NULL,
  `links` varchar(200) COLLATE utf8_unicode_ci NOT NULL,
  `createTime` timestamp NOT NULL DEFAULT CURRENT_TIMESTAMP,
  `lastTime` timestamp NOT NULL DEFAULT CURRENT_TIMESTAMP,
  PRIMARY KEY (`linksId`)
) ENGINE=InnoDB AUTO_INCREMENT=37 DEFAULT CHARSET=utf8 COLLATE=utf8_unicode_ci;

-- 正在导出表  daohang.links 的数据：~26 rows (大约)
DELETE FROM `links`;
/*!40000 ALTER TABLE `links` DISABLE KEYS */;
INSERT INTO `links` (`linksId`, `userId`, `partId`, `sort`, `pic`, `name`, `links`, `createTime`, `lastTime`) VALUES
	(2, 1, 11, 3, '', 'hao123', 'https://www.hao123.com/', '2015-11-29 21:20:41', '2015-11-29 21:20:41'),
	(3, 1, 1, 10, '', '折页网', 'http://zheye.cc/', '2015-11-29 21:32:00', '2015-11-29 21:32:00'),
	(5, 1, 11, 4, '', 'bootStrap中文网', 'http://v3.bootcss.com/css/', '2015-11-29 21:37:55', '2015-11-29 21:37:55'),
	(7, 1, 11, 5, '', 'JqueryAPI中文文档', 'http://www.jquery123.com/', '2015-11-29 21:39:29', '2015-11-29 21:39:29'),
	(8, 1, 11, 2, '', 'CodeIgniter中文文档', 'codeigniter.org.cn/', '2015-11-29 21:40:52', '2015-11-29 21:40:52'),
	(9, 1, 8, 0, '', '杨青博客', 'http://www.yangqq.com/', '2015-11-29 21:43:29', '2015-11-29 21:43:29'),
	(10, 1, 8, 0, '', '杨青博客', 'http://www.yangqq.com/', '2015-11-29 21:43:29', '2015-11-29 21:43:29'),
	(14, 1, 1, 0, '', '百度', 'http://www.baidu.com/', '2015-12-18 23:28:15', '2015-12-18 23:28:15'),
	(15, 1, 1, 1, '', '天猫', 'https://www.tmall.com/', '2015-12-18 23:29:53', '2015-12-18 23:29:53'),
	(16, 1, 1, 2, '', '淘宝', 'https://www.taobao.com/', '2015-12-18 23:30:26', '2015-12-18 23:30:26'),
	(17, 1, 1, 3, '', '京东', 'http://www.jd.com/', '2015-12-18 23:30:50', '2015-12-18 23:30:50'),
	(18, 1, 1, 4, '', '唯品会', 'http://www.vip.com/', '2015-12-18 23:31:15', '2015-12-18 23:31:15'),
	(19, 1, 1, 6, '', '阿里云', 'http://www.aliyun.com/', '2015-12-18 23:31:49', '2015-12-18 23:31:49'),
	(20, 1, 1, 7, '', '新网', 'http://www.xinnet.com/', '2015-12-18 23:32:10', '2015-12-18 23:32:10'),
	(21, 1, 1, 8, '', '华农教务处', 'http://jw.hzau.edu.cn/', '2015-12-18 23:32:49', '2015-12-18 23:32:49'),
	(22, 1, 1, 9, '', '华中农业大学', 'http://www.hzau.edu.cn/2014/ch/', '2015-12-18 23:34:06', '2015-12-18 23:34:06'),
	(23, 1, 1, 11, '', '爱奇艺', 'http://www.iqiyi.com/', '2015-12-18 23:35:26', '2015-12-18 23:35:26'),
	(26, 1, 1, 5, '', 'QQ邮箱', 'https://mail.qq.com/', '2015-12-18 23:40:15', '2015-12-18 23:40:15'),
	(27, 1, 11, 1, '', '360浏览器开放平台', 'http://open.se.360.cn/open/extension_dev/overview.html', '2015-12-18 23:55:11', '2015-12-18 23:55:11'),
	(28, 1, 11, 0, '', '火狐插件验证禁用', 'https://support.mozilla.org/zh-CN/kb/add-ons-signing-firefox?as=u&utm_source=inproduct#w_ihgoceoeoeoakekiuauekaeugaauce-firefox-daeekunagcasinoz', '2015-12-19 13:08:58', '2015-12-19 13:08:58'),
	(29, 1, 1, -1, '', '我的主页', 'http://121.42.144.230/daohang/pages/index.php', '2015-12-19 15:58:51', '2015-12-19 15:58:51'),
	(30, 1, 11, -1, '', '计算机编程技术文库 - CodeGo.net', 'http://codego.net/', '2015-12-19 19:33:51', '2015-12-19 19:33:51'),
	(31, 1, 11, -1, '', 'MAKA 简单、强大的HTML5创作平台', 'http://www.maka.im/project', '2015-12-19 19:41:08', '2015-12-19 19:41:08'),
	(32, 1, 1, -1, '', '我的主页', 'http://121.42.144.230/daohang/pages/index.php', '2015-12-20 22:08:08', '2015-12-20 22:08:08'),
	(35, 1, 1, -1, '', '我的主页', 'http://121.42.144.230/daohang/pages/index.php', '2015-12-20 22:47:47', '2015-12-20 22:47:47'),
	(36, 1, 1, -1, '', 'DIV CSS display (block none inline)属性的用法教程 - DIVCSS5', 'http://www.divcss5.com/rumen/r291.shtml', '2015-12-20 23:00:12', '2015-12-20 23:00:12');
/*!40000 ALTER TABLE `links` ENABLE KEYS */;


-- 导出  表 daohang.logs 结构
CREATE TABLE IF NOT EXISTS `logs` (
  `logsId` int(40) NOT NULL AUTO_INCREMENT COMMENT '日志标识',
  `userId` int(11) NOT NULL COMMENT '用户ID',
  `detail` text COLLATE utf8_unicode_ci NOT NULL COMMENT '操作内容',
  `lastTime` timestamp NOT NULL DEFAULT CURRENT_TIMESTAMP COMMENT '创建时间',
  PRIMARY KEY (`logsId`)
) ENGINE=InnoDB DEFAULT CHARSET=utf8 COLLATE=utf8_unicode_ci COMMENT='用户使用日志（包括登录，注册，注销，修改，添加，删除等）';

-- 正在导出表  daohang.logs 的数据：~0 rows (大约)
DELETE FROM `logs`;
/*!40000 ALTER TABLE `logs` DISABLE KEYS */;
/*!40000 ALTER TABLE `logs` ENABLE KEYS */;


-- 导出  表 daohang.messages 结构
CREATE TABLE IF NOT EXISTS `messages` (
  `messagesId` int(100) NOT NULL AUTO_INCREMENT COMMENT '信息唯一标识',
  `fromUserId` int(11) NOT NULL COMMENT '发送者',
  `toUserId` int(11) NOT NULL COMMENT '接收者',
  `content` varchar(400) COLLATE utf8_unicode_ci NOT NULL COMMENT '内容',
  `lastTime` timestamp NOT NULL DEFAULT CURRENT_TIMESTAMP COMMENT '发送时间',
  PRIMARY KEY (`messagesId`)
) ENGINE=InnoDB DEFAULT CHARSET=utf8 COLLATE=utf8_unicode_ci COMMENT='用户之前发送信息的记录表';

-- 正在导出表  daohang.messages 的数据：~0 rows (大约)
DELETE FROM `messages`;
/*!40000 ALTER TABLE `messages` DISABLE KEYS */;
/*!40000 ALTER TABLE `messages` ENABLE KEYS */;


-- 导出  表 daohang.parts 结构
CREATE TABLE IF NOT EXISTS `parts` (
  `partsId` int(20) NOT NULL AUTO_INCREMENT COMMENT '模块唯一标识',
  `userId` int(11) NOT NULL COMMENT '用户唯一标识',
  `title` varchar(20) COLLATE utf8_unicode_ci NOT NULL COMMENT '模块名称',
  `state` int(1) NOT NULL COMMENT '显示状态',
  `private` int(1) NOT NULL COMMENT '隐私状态',
  `password` varchar(40) COLLATE utf8_unicode_ci NOT NULL COMMENT '密码（私有状态时）',
  `order` int(11) NOT NULL COMMENT '订阅人数',
  `from` int(20) NOT NULL COMMENT '从哪里订阅',
  `otherPassword` varchar(40) COLLATE utf8_unicode_ci NOT NULL COMMENT '别人的密码',
  `sort` int(2) NOT NULL COMMENT '在个人模块中的顺序',
  `lastTime` timestamp NOT NULL DEFAULT CURRENT_TIMESTAMP,
  PRIMARY KEY (`partsId`)
) ENGINE=InnoDB AUTO_INCREMENT=17 DEFAULT CHARSET=utf8 COLLATE=utf8_unicode_ci;

-- 正在导出表  daohang.parts 的数据：~16 rows (大约)
DELETE FROM `parts`;
/*!40000 ALTER TABLE `parts` DISABLE KEYS */;
INSERT INTO `parts` (`partsId`, `userId`, `title`, `state`, `private`, `password`, `order`, `from`, `otherPassword`, `sort`, `lastTime`) VALUES
	(1, 1, '常用', 1, 1, '', 0, 1, '', 1, '2015-11-29 16:52:15'),
	(2, 1, '性能优化', 1, 1, '', 0, 2, '', 2, '2015-11-29 16:52:15'),
	(3, 1, 'CSS3', 1, 1, '', 0, 3, '', 3, '2015-11-29 16:52:15'),
	(4, 1, 'HTML5', 1, 1, '', 0, 4, '', 4, '2015-11-29 16:52:15'),
	(5, 1, '设计', 1, 1, '', 0, 5, '', 5, '2015-11-29 16:52:15'),
	(6, 1, '鸡汤', 1, 1, '', 0, 6, '', 6, '2015-11-29 16:52:15'),
	(7, 1, '音乐', 1, 1, '', 0, 7, '', 7, '2015-11-29 16:52:15'),
	(8, 1, '个人博客', 1, 1, '', 0, 8, '', 8, '2015-11-29 16:52:15'),
	(9, 1, '个人作品', 1, 1, '', 0, 9, '', 9, '2015-11-29 16:52:16'),
	(10, 1, '消遣', 1, 1, '', 0, 10, '', 10, '2015-11-29 16:52:16'),
	(11, 1, 'Web前端', 1, 1, '', 0, 11, '', 11, '2015-11-29 16:52:16'),
	(12, 1, '时尚', 1, 1, '', 0, 12, '', 12, '2015-11-29 16:52:16'),
	(13, 1, '生活常识', 1, 1, '', 0, 13, '', 13, '2015-11-29 16:52:16'),
	(14, 1, 'PHP', 1, 1, '', 0, 14, '', 14, '2015-11-29 16:52:16'),
	(15, 1, 'JavaScript', 1, 1, '', 0, 15, '', 15, '2015-11-29 16:52:16'),
	(16, 1, '个人修养', 1, 1, '', 0, 16, '', 16, '2015-11-29 16:52:16');
/*!40000 ALTER TABLE `parts` ENABLE KEYS */;


-- 导出  表 daohang.search 结构
CREATE TABLE IF NOT EXISTS `search` (
  `searchId` int(200) NOT NULL AUTO_INCREMENT COMMENT '搜索内容唯一标识',
  `userId` int(11) NOT NULL COMMENT '用户',
  `title` varchar(100) COLLATE utf8_unicode_ci NOT NULL COMMENT '搜索内容',
  `lastTime` timestamp NOT NULL DEFAULT CURRENT_TIMESTAMP COMMENT '搜索时间',
  `address` varchar(100) COLLATE utf8_unicode_ci NOT NULL COMMENT '搜索地点（暂定为IP）',
  PRIMARY KEY (`searchId`)
) ENGINE=InnoDB DEFAULT CHARSET=utf8 COLLATE=utf8_unicode_ci;

-- 正在导出表  daohang.search 的数据：~0 rows (大约)
DELETE FROM `search`;
/*!40000 ALTER TABLE `search` DISABLE KEYS */;
/*!40000 ALTER TABLE `search` ENABLE KEYS */;


-- 导出  表 daohang.setting 结构
CREATE TABLE IF NOT EXISTS `setting` (
  `settingId` int(11) NOT NULL AUTO_INCREMENT COMMENT '设置唯一标识',
  `userId` int(11) NOT NULL COMMENT '用户唯一标识',
  `theme` varchar(11) COLLATE utf8_unicode_ci NOT NULL COMMENT '主题（背景、透明度、颜色等）',
  `opacity` varchar(3) COLLATE utf8_unicode_ci NOT NULL COMMENT '透明度',
  `background` varchar(20) COLLATE utf8_unicode_ci NOT NULL COMMENT '背景',
  `lastTime` timestamp NOT NULL DEFAULT CURRENT_TIMESTAMP COMMENT '最后一次设置时间',
  PRIMARY KEY (`settingId`)
) ENGINE=InnoDB DEFAULT CHARSET=utf8 COLLATE=utf8_unicode_ci;

-- 正在导出表  daohang.setting 的数据：~0 rows (大约)
DELETE FROM `setting`;
/*!40000 ALTER TABLE `setting` DISABLE KEYS */;
/*!40000 ALTER TABLE `setting` ENABLE KEYS */;


-- 导出  表 daohang.user 结构
CREATE TABLE IF NOT EXISTS `user` (
  `userId` int(11) NOT NULL AUTO_INCREMENT COMMENT '序列号',
  `mail` varchar(40) COLLATE utf8_unicode_ci NOT NULL COMMENT '邮箱（用户名）',
  `password` varchar(40) COLLATE utf8_unicode_ci NOT NULL COMMENT '密码',
  `nickName` varchar(40) COLLATE utf8_unicode_ci NOT NULL COMMENT '昵称',
  `unionId` varchar(80) COLLATE utf8_unicode_ci NOT NULL COMMENT '腾讯第三方登录',
  `createTime` timestamp NOT NULL DEFAULT CURRENT_TIMESTAMP,
  `userAddress` varchar(100) COLLATE utf8_unicode_ci NOT NULL COMMENT '用户注册时所在位置',
  `lastTime` timestamp NOT NULL DEFAULT CURRENT_TIMESTAMP COMMENT '最后登录时间',
  `lastAddress` varchar(100) COLLATE utf8_unicode_ci NOT NULL COMMENT '最后登录地点',
  `check` varchar(130) COLLATE utf8_unicode_ci NOT NULL,
  `state` int(1) NOT NULL DEFAULT '0',
  PRIMARY KEY (`userId`)
) ENGINE=InnoDB AUTO_INCREMENT=2 DEFAULT CHARSET=utf8 COLLATE=utf8_unicode_ci;

-- 正在导出表  daohang.user 的数据：~1 rows (大约)
DELETE FROM `user`;
/*!40000 ALTER TABLE `user` DISABLE KEYS */;
INSERT INTO `user` (`userId`, `mail`, `password`, `nickName`, `unionId`, `createTime`, `userAddress`, `lastTime`, `lastAddress`, `check`, `state`) VALUES
	(1, '891599396@qq.com', '222', 'daliu', '', '2015-11-29 16:44:00', '', '2015-11-29 16:44:00', '', '197b39ce7a9fbe74b22f5adba8a076ad', 1);
/*!40000 ALTER TABLE `user` ENABLE KEYS */;
/*!40101 SET SQL_MODE=IFNULL(@OLD_SQL_MODE, '') */;
/*!40014 SET FOREIGN_KEY_CHECKS=IF(@OLD_FOREIGN_KEY_CHECKS IS NULL, 1, @OLD_FOREIGN_KEY_CHECKS) */;
/*!40101 SET CHARACTER_SET_CLIENT=@OLD_CHARACTER_SET_CLIENT */;
